timestamp,latitude,longitude,rainfall_mm_hr
2026-09-08 00:00,19.39,72.719998,0.0
2026-09-08 00:00,19.39,72.759998,0.0
2026-09-08 00:00,19.39,72.799998,0.0
2026-09-08 00:00,19.39,72.839998,0.0
2026-09-08 00:00,19.39,72.879998,0.0
2026-09-08 00:00,19.39,72.919998,0.0
2026-09-08 00:00,19.39,72.959998,0.0
2026-09-08 00:00,19.39,72.999998,0.0
2026-09-08 00:00,19.39,73.039998,0.0
2026-09-08 00:00,19.39,73.079998,0.0
2026-09-08 00:00,19.35,72.719998,0.0
2026-09-08 00:00,19.35,72.759998,0.0
2026-09-08 00:00,19.35,72.799998,0.0
2026-09-08 00:00,19.35,72.839998,0.0
2026-09-08 00:00,19.35,72.879998,0.0
2026-09-08 00:00,19.35,72.919998,0.0
2026-09-08 00:00,19.35,72.959998,0.0
2026-09-08 00:00,19.35,72.999998,0.0
2026-09-08 00:00,19.35,73.039998,0.0
2026-09-08 00:00,19.35,73.079998,0.0
2026-09-08 00:00,19.31,72.729998,0.0
2026-09-08 00:00,19.31,72.769998,0.0
2026-09-08 00:00,19.31,72.809998,0.0
2026-09-08 00:00,19.31,72.839998,0.0
2026-09-08 00:00,19.31,72.879998,0.0
2026-09-08 00:00,19.31,72.919998,0.0
2026-09-08 00:00,19.31,72.959998,0.0
2026-09-08 00:00,19.31,72.999998,0.0
2026-09-08 00:00,19.31,73.039998,0.0
2026-09-08 00:00,19.31,73.079998,0.0
2026-09-08 00:00,19.27,72.729998,0.0
2026-09-08 00:00,19.27,72.769998,0.0
2026-09-08 00:00,19.27,72.809998,0.0
2026-09-08 00:00,19.27,72.849998,0.0
2026-09-08 00:00,19.27,72.889998,0.0
2026-09-08 00:00,19.27,72.929998,0.0
2026-09-08 00:00,19.27,72.959998,0.0
2026-09-08 00:00,19.27,72.999998,0.0
2026-09-08 00:00,19.27,73.039998,0.0
2026-09-08 00:00,19.27,73.079998,0.0
2026-09-08 00:00,19.23,72.729998,0.0
2026-09-08 00:00,19.23,72.769998,0.0
2026-09-08 00:00,19.23,72.809998,0.0
2026-09-08 00:00,19.23,72.849998,0.0
2026-09-08 00:00,19.23,72.889998,0.0
2026-09-08 00:00,19.23,72.929998,0.0
2026-09-08 00:00,19.23,72.969998,0.0
2026-09-08 00:00,19.23,73.009998,0.0
2026-09-08 00:00,19.23,73.049998,0.0
2026-09-08 00:00,19.23,73.089998,0.0
2026-09-08 00:00,19.19,72.729998,0.0
2026-09-08 00:00,19.19,72.769998,0.0
2026-09-08 00:00,19.19,72.809998,0.0
2026-09-08 00:00,19.19,72.849998,0.0
2026-09-08 00:00,19.19,72.889998,0.0
2026-09-08 00:00,19.19,72.929998,0.0
2026-09-08 00:00,19.19,72.969998,0.0
2026-09-08 00:00,19.19,73.009998,0.0
2026-09-08 00:00,19.19,73.049998,0.0
2026-09-08 00:00,19.19,73.089998,0.0
2026-09-08 00:00,19.15,72.739998,0.0
2026-09-08 00:00,19.15,72.779998,0.0
2026-09-08 00:00,19.15,72.819998,0.0
2026-09-08 00:00,19.15,72.849998,0.0
2026-09-08 00:00,19.15,72.889998,0.0
2026-09-08 00:00,19.15,72.929998,0.0
2026-09-08 00:00,19.15,72.969998,0.0
2026-09-08 00:00,19.15,73.009998,0.0
2026-09-08 00:00,19.15,73.049998,0.0
2026-09-08 00:00,19.15,73.089998,0.0
2026-09-08 00:00,19.11,72.739998,0.0
2026-09-08 00:00,19.11,72.779998,0.0
2026-09-08 00:00,19.11,72.819998,0.0
2026-09-08 00:00,19.11,72.859998,0.0
2026-09-08 00:00,19.11,72.899998,0.0
2026-09-08 00:00,19.11,72.939998,0.0
2026-09-08 00:00,19.11,72.979998,0.0
2026-09-08 00:00,19.11,73.009998,0.0
2026-09-08 00:00,19.11,73.049998,0.0
2026-09-08 00:00,19.11,73.089998,0.0
2026-09-08 00:00,19.07,72.739998,0.0
2026-09-08 00:00,19.07,72.779998,0.0
2026-09-08 00:00,19.07,72.819998,0.0
2026-09-08 00:00,19.07,72.859998,0.0
2026-09-08 00:00,19.07,72.899998,0.0
2026-09-08 00:00,19.07,72.939998,0.0
2026-09-08 00:00,19.07,72.979998,0.0
2026-09-08 00:00,19.07,73.019998,0.0
2026-09-08 00:00,19.07,73.059998,0.0
2026-09-08 00:00,19.07,73.099998,0.0
2026-09-08 00:00,19.03,72.709998,0.0
2026-09-08 00:00,19.03,72.739998,0.0
2026-09-08 00:00,19.03,72.779998,0.0
2026-09-08 00:00,19.03,72.819998,0.0
2026-09-08 00:00,19.03,72.859998,0.0
2026-09-08 00:00,19.03,72.899998,0.0
2026-09-08 00:00,19.03,72.939998,0.0
2026-09-08 00:00,19.03,72.979998,0.0
2026-09-08 00:00,19.03,73.019998,0.0
2026-09-08 00:00,19.03,73.059998,0.0
2026-09-08 00:00,19.03,73.099998,0.0
2026-09-08 00:00,18.99,72.709998,0.0
2026-09-08 00:00,18.99,72.749998,0.0
2026-09-08 00:00,18.99,72.789998,0.0
2026-09-08 00:00,18.99,72.829998,0.0
2026-09-08 00:00,18.99,72.869998,0.0
2026-09-08 00:00,18.99,72.899998,0.0
2026-09-08 00:00,18.99,72.939998,0.0
2026-09-08 00:00,18.99,72.979998,0.0
2026-09-08 00:00,18.99,73.019998,0.0
2026-09-08 00:00,18.99,73.059998,0.0
2026-09-08 00:00,18.99,73.099998,0.0
2026-09-08 00:00,18.95,72.709998,0.0
2026-09-08 00:00,18.95,72.749998,0.0
2026-09-08 00:00,18.95,72.789998,0.0
2026-09-08 00:00,18.95,72.829998,0.0
2026-09-08 00:00,18.95,72.869998,0.0
2026-09-08 00:00,18.95,72.909998,0.0
2026-09-08 00:00,18.95,72.949998,0.0
2026-09-08 00:00,18.95,72.989998,0.0
2026-09-08 00:00,18.95,73.019998,0.0
2026-09-08 00:00,18.95,73.059998,0.0
2026-09-08 00:00,18.95,73.099998,0.0
2026-09-08 00:00,18.92,72.709998,0.0
2026-09-08 00:00,18.91,72.749998,0.0
2026-09-08 00:00,18.91,72.789998,0.0
2026-09-08 00:00,18.91,72.829998,0.0
2026-09-08 00:00,18.91,72.869998,0.0
2026-09-08 00:00,18.91,72.909998,0.0
2026-09-08 00:00,18.91,72.949998,0.0
2026-09-08 00:00,18.91,72.989998,0.0
2026-09-08 00:00,18.91,73.029998,0.0
2026-09-08 00:00,18.91,73.069998,0.0
2026-09-08 00:00,18.88,72.719998,0.0
2026-09-08 00:00,18.88,72.759998,0.0
2026-09-08 00:00,18.87,72.789998,0.0
2026-09-08 00:00,18.87,72.829998,0.0
2026-09-08 00:00,18.87,72.869998,0.0
2026-09-08 00:00,18.87,72.909998,0.0
2026-09-08 00:00,18.87,72.949998,0.0
2026-09-08 00:00,18.87,72.989998,0.0
2026-09-08 00:00,18.87,73.029998,0.0
2026-09-08 00:00,18.87,73.069998,0.0
2026-09-08 00:00,18.84,72.719998,0.0
2026-09-08 00:00,18.84,72.759998,0.0
2026-09-08 00:00,18.84,72.799998,0.0
2026-09-08 00:00,18.83,72.839998,0.0
2026-09-08 00:00,18.83,72.879998,0.0
2026-09-08 00:00,18.83,72.909998,0.0
2026-09-08 00:00,18.83,72.949998,0.0
2026-09-08 00:00,18.83,72.989998,0.0
2026-09-08 00:00,18.83,73.029998,0.0
2026-09-08 00:00,18.83,73.069998,0.0
