timestamp,rainfall_mumbai_mean_mmhr,lag_1,lag_2,lag_3,lag_4,lag_6,lag_8,lag_12,roll_mean_2,roll_mean_4,roll_mean_6,roll_mean_12,roll_max_4,roll_max_12,delta_1,delta_2,accum_4step,accum_8step,hour_sin,hour_cos,target_+1h,target_+2h,target_+3h
2026-09-08 06:00:00,0.0,0.0,0.0,0.0,0.0,0.0,0.0,0.0,0.0,0.0,0.0,0.0,0.0,0.0,0.0,0.0,0.0,0.0,1.0,6.123233995736766e-17,0.0,0.0,0.0
2026-09-08 06:30:00,0.0,0.0,0.0,0.0,0.0,0.0,0.0,0.0,0.0,0.0,0.0,0.0,0.0,0.0,0.0,0.0,0.0,0.0,1.0,6.123233995736766e-17,0.0,0.0,0.0
2026-09-08 07:00:00,0.0,0.0,0.0,0.0,0.0,0.0,0.0,0.0,0.0,0.0,0.0,0.0,0.0,0.0,0.0,0.0,0.0,0.0,0.9659258262890683,-0.25881904510252063,0.0,0.0,0.0
2026-09-08 07:30:00,0.0,0.0,0.0,0.0,0.0,0.0,0.0,0.0,0.0,0.0,0.0,0.0,0.0,0.0,0.0,0.0,0.0,0.0,0.9659258262890683,-0.25881904510252063,0.0,0.0,0.0
2026-09-08 08:00:00,0.0,0.0,0.0,0.0,0.0,0.0,0.0,0.0,0.0,0.0,0.0,0.0,0.0,0.0,0.0,0.0,0.0,0.0,0.8660254037844387,-0.4999999999999998,0.0,0.0,0.0
2026-09-08 08:30:00,0.0,0.0,0.0,0.0,0.0,0.0,0.0,0.0,0.0,0.0,0.0,0.0,0.0,0.0,0.0,0.0,0.0,0.0,0.8660254037844387,-0.4999999999999998,0.0,0.0,0.0
2026-09-08 09:00:00,0.0,0.0,0.0,0.0,0.0,0.0,0.0,0.0,0.0,0.0,0.0,0.0,0.0,0.0,0.0,0.0,0.0,0.0,0.7071067811865476,-0.7071067811865475,0.0,0.0,0.0
2026-09-08 09:30:00,0.0,0.0,0.0,0.0,0.0,0.0,0.0,0.0,0.0,0.0,0.0,0.0,0.0,0.0,0.0,0.0,0.0,0.0,0.7071067811865476,-0.7071067811865475,0.0,0.0,0.0
2026-09-08 10:00:00,0.0,0.0,0.0,0.0,0.0,0.0,0.0,0.0,0.0,0.0,0.0,0.0,0.0,0.0,0.0,0.0,0.0,0.0,0.49999999999999994,-0.8660254037844387,0.0,0.0,0.0
2026-09-08 10:30:00,0.0,0.0,0.0,0.0,0.0,0.0,0.0,0.0,0.0,0.0,0.0,0.0,0.0,0.0,0.0,0.0,0.0,0.0,0.49999999999999994,-0.8660254037844387,0.0,0.0,0.0
2026-09-08 11:00:00,0.0,0.0,0.0,0.0,0.0,0.0,0.0,0.0,0.0,0.0,0.0,0.0,0.0,0.0,0.0,0.0,0.0,0.0,0.258819045102521,-0.9659258262890682,0.0,0.0,0.0
2026-09-08 11:30:00,0.0,0.0,0.0,0.0,0.0,0.0,0.0,0.0,0.0,0.0,0.0,0.0,0.0,0.0,0.0,0.0,0.0,0.0,0.258819045102521,-0.9659258262890682,0.0,0.0,0.0
2026-09-08 12:00:00,0.0,0.0,0.0,0.0,0.0,0.0,0.0,0.0,0.0,0.0,0.0,0.0,0.0,0.0,0.0,0.0,0.0,0.0,1.2246467991473532e-16,-1.0,0.0,0.0,0.0
2026-09-08 12:30:00,0.0,0.0,0.0,0.0,0.0,0.0,0.0,0.0,0.0,0.0,0.0,0.0,0.0,0.0,0.0,0.0,0.0,0.0,1.2246467991473532e-16,-1.0,0.0,0.0,0.0
2026-09-08 13:00:00,0.0,0.0,0.0,0.0,0.0,0.0,0.0,0.0,0.0,0.0,0.0,0.0,0.0,0.0,0.0,0.0,0.0,0.0,-0.2588190451025208,-0.9659258262890683,0.0,0.0,0.0
2026-09-08 13:30:00,0.0,0.0,0.0,0.0,0.0,0.0,0.0,0.0,0.0,0.0,0.0,0.0,0.0,0.0,0.0,0.0,0.0,0.0,-0.2588190451025208,-0.9659258262890683,0.0,0.0,0.0
2026-09-08 14:00:00,0.0,0.0,0.0,0.0,0.0,0.0,0.0,0.0,0.0,0.0,0.0,0.0,0.0,0.0,0.0,0.0,0.0,0.0,-0.4999999999999997,-0.8660254037844388,0.0,0.0,0.0
2026-09-09 01:30:00,0.0,0.0,0.0,0.0,0.0,0.0,0.0,0.0,0.0,0.0,0.0,0.0,0.0,0.0,0.0,0.0,0.0,0.0,0.25881904510252074,0.9659258262890683,0.0,0.0,0.0
2026-09-09 02:00:00,0.0,0.0,0.0,0.0,0.0,0.0,0.0,0.0,0.0,0.0,0.0,0.0,0.0,0.0,0.0,0.0,0.0,0.0,0.49999999999999994,0.8660254037844387,0.0,0.0,0.0
2026-09-09 02:30:00,0.0,0.0,0.0,0.0,0.0,0.0,0.0,0.0,0.0,0.0,0.0,0.0,0.0,0.0,0.0,0.0,0.0,0.0,0.49999999999999994,0.8660254037844387,0.0,0.0,0.0
2026-09-09 03:00:00,0.0,0.0,0.0,0.0,0.0,0.0,0.0,0.0,0.0,0.0,0.0,0.0,0.0,0.0,0.0,0.0,0.0,0.0,0.7071067811865476,0.7071067811865476,0.0,0.0,0.0
2026-09-09 03:30:00,0.0,0.0,0.0,0.0,0.0,0.0,0.0,0.0,0.0,0.0,0.0,0.0,0.0,0.0,0.0,0.0,0.0,0.0,0.7071067811865476,0.7071067811865476,0.0,0.0,0.0
2026-09-09 04:00:00,0.0,0.0,0.0,0.0,0.0,0.0,0.0,0.0,0.0,0.0,0.0,0.0,0.0,0.0,0.0,0.0,0.0,0.0,0.8660254037844386,0.5000000000000001,0.0,0.0,0.0
2026-09-09 04:30:00,0.0,0.0,0.0,0.0,0.0,0.0,0.0,0.0,0.0,0.0,0.0,0.0,0.0,0.0,0.0,0.0,0.0,0.0,0.8660254037844386,0.5000000000000001,0.0,0.0,0.0
2026-09-09 05:00:00,0.0,0.0,0.0,0.0,0.0,0.0,0.0,0.0,0.0,0.0,0.0,0.0,0.0,0.0,0.0,0.0,0.0,0.0,0.9659258262890683,0.25881904510252074,0.0,0.0,0.0
2026-09-09 05:30:00,0.0,0.0,0.0,0.0,0.0,0.0,0.0,0.0,0.0,0.0,0.0,0.0,0.0,0.0,0.0,0.0,0.0,0.0,0.9659258262890683,0.25881904510252074,0.0,0.0,0.0
2026-09-09 06:00:00,0.0,0.0,0.0,0.0,0.0,0.0,0.0,0.0,0.0,0.0,0.0,0.0,0.0,0.0,0.0,0.0,0.0,0.0,1.0,6.123233995736766e-17,0.0,0.0,0.0
2026-09-09 06:30:00,0.0,0.0,0.0,0.0,0.0,0.0,0.0,0.0,0.0,0.0,0.0,0.0,0.0,0.0,0.0,0.0,0.0,0.0,1.0,6.123233995736766e-17,0.0,0.0,0.0
2026-09-09 07:00:00,0.0,0.0,0.0,0.0,0.0,0.0,0.0,0.0,0.0,0.0,0.0,0.0,0.0,0.0,0.0,0.0,0.0,0.0,0.9659258262890683,-0.25881904510252063,0.0,0.0,0.0
2026-09-09 07:30:00,0.0,0.0,0.0,0.0,0.0,0.0,0.0,0.0,0.0,0.0,0.0,0.0,0.0,0.0,0.0,0.0,0.0,0.0,0.9659258262890683,-0.25881904510252063,0.0,0.0,0.0
2026-09-09 08:00:00,0.0,0.0,0.0,0.0,0.0,0.0,0.0,0.0,0.0,0.0,0.0,0.0,0.0,0.0,0.0,0.0,0.0,0.0,0.8660254037844387,-0.4999999999999998,0.0,0.0,0.0
2026-09-09 08:30:00,0.0,0.0,0.0,0.0,0.0,0.0,0.0,0.0,0.0,0.0,0.0,0.0,0.0,0.0,0.0,0.0,0.0,0.0,0.8660254037844387,-0.4999999999999998,0.0,0.0,0.0
2026-09-09 09:00:00,0.0,0.0,0.0,0.0,0.0,0.0,0.0,0.0,0.0,0.0,0.0,0.0,0.0,0.0,0.0,0.0,0.0,0.0,0.7071067811865476,-0.7071067811865475,0.0,0.0,0.0
2026-09-09 09:30:00,0.0,0.0,0.0,0.0,0.0,0.0,0.0,0.0,0.0,0.0,0.0,0.0,0.0,0.0,0.0,0.0,0.0,0.0,0.7071067811865476,-0.7071067811865475,0.0,0.0,0.0
2026-09-09 10:00:00,0.0,0.0,0.0,0.0,0.0,0.0,0.0,0.0,0.0,0.0,0.0,0.0,0.0,0.0,0.0,0.0,0.0,0.0,0.49999999999999994,-0.8660254037844387,0.0,0.0,0.0
2026-09-09 10:30:00,0.0,0.0,0.0,0.0,0.0,0.0,0.0,0.0,0.0,0.0,0.0,0.0,0.0,0.0,0.0,0.0,0.0,0.0,0.49999999999999994,-0.8660254037844387,0.0,0.0,0.0
2026-09-09 11:00:00,0.0,0.0,0.0,0.0,0.0,0.0,0.0,0.0,0.0,0.0,0.0,0.0,0.0,0.0,0.0,0.0,0.0,0.0,0.258819045102521,-0.9659258262890682,0.0,0.0,0.0
2026-09-09 11:30:00,0.0,0.0,0.0,0.0,0.0,0.0,0.0,0.0,0.0,0.0,0.0,0.0,0.0,0.0,0.0,0.0,0.0,0.0,0.258819045102521,-0.9659258262890682,0.0,0.0,0.0
2026-09-09 12:00:00,0.0,0.0,0.0,0.0,0.0,0.0,0.0,0.0,0.0,0.0,0.0,0.0,0.0,0.0,0.0,0.0,0.0,0.0,1.2246467991473532e-16,-1.0,0.0,0.0,0.0
2026-09-09 12:30:00,0.0,0.0,0.0,0.0,0.0,0.0,0.0,0.0,0.0,0.0,0.0,0.0,0.0,0.0,0.0,0.0,0.0,0.0,1.2246467991473532e-16,-1.0,0.0,0.0,0.0
2026-09-09 13:00:00,0.0,0.0,0.0,0.0,0.0,0.0,0.0,0.0,0.0,0.0,0.0,0.0,0.0,0.0,0.0,0.0,0.0,0.0,-0.2588190451025208,-0.9659258262890683,0.0,0.0,0.0
2026-09-09 13:30:00,0.0,0.0,0.0,0.0,0.0,0.0,0.0,0.0,0.0,0.0,0.0,0.0,0.0,0.0,0.0,0.0,0.0,0.0,-0.2588190451025208,-0.9659258262890683,0.0,0.0,0.0
2026-09-09 14:00:00,0.0,0.0,0.0,0.0,0.0,0.0,0.0,0.0,0.0,0.0,0.0,0.0,0.0,0.0,0.0,0.0,0.0,0.0,-0.4999999999999997,-0.8660254037844388,0.0,0.0,0.0
2026-09-10 01:30:00,0.0,0.0,0.0,0.0,0.0,0.0,0.0,0.0,0.0,0.0,0.0,0.0,0.0,0.0,0.0,0.0,0.0,0.0,0.25881904510252074,0.9659258262890683,0.0,0.0,0.0
2026-09-10 02:00:00,0.0,0.0,0.0,0.0,0.0,0.0,0.0,0.0,0.0,0.0,0.0,0.0,0.0,0.0,0.0,0.0,0.0,0.0,0.49999999999999994,0.8660254037844387,0.0,0.0,0.0
2026-09-10 02:30:00,0.0,0.0,0.0,0.0,0.0,0.0,0.0,0.0,0.0,0.0,0.0,0.0,0.0,0.0,0.0,0.0,0.0,0.0,0.49999999999999994,0.8660254037844387,0.0,0.0,0.0
2026-09-10 03:00:00,0.0,0.0,0.0,0.0,0.0,0.0,0.0,0.0,0.0,0.0,0.0,0.0,0.0,0.0,0.0,0.0,0.0,0.0,0.7071067811865476,0.7071067811865476,0.0,0.0,0.0
2026-09-10 03:30:00,0.0,0.0,0.0,0.0,0.0,0.0,0.0,0.0,0.0,0.0,0.0,0.0,0.0,0.0,0.0,0.0,0.0,0.0,0.7071067811865476,0.7071067811865476,0.0,0.0,0.0
2026-09-10 04:00:00,0.0,0.0,0.0,0.0,0.0,0.0,0.0,0.0,0.0,0.0,0.0,0.0,0.0,0.0,0.0,0.0,0.0,0.0,0.8660254037844386,0.5000000000000001,0.0,0.0,0.0
2026-09-10 04:30:00,0.0,0.0,0.0,0.0,0.0,0.0,0.0,0.0,0.0,0.0,0.0,0.0,0.0,0.0,0.0,0.0,0.0,0.0,0.8660254037844386,0.5000000000000001,0.0,0.0,0.0
2026-09-10 05:00:00,0.0,0.0,0.0,0.0,0.0,0.0,0.0,0.0,0.0,0.0,0.0,0.0,0.0,0.0,0.0,0.0,0.0,0.0,0.9659258262890683,0.25881904510252074,0.0,0.0,0.0
2026-09-10 05:30:00,0.0,0.0,0.0,0.0,0.0,0.0,0.0,0.0,0.0,0.0,0.0,0.0,0.0,0.0,0.0,0.0,0.0,0.0,0.9659258262890683,0.25881904510252074,0.0,0.0,0.0
2026-09-10 06:00:00,0.0,0.0,0.0,0.0,0.0,0.0,0.0,0.0,0.0,0.0,0.0,0.0,0.0,0.0,0.0,0.0,0.0,0.0,1.0,6.123233995736766e-17,0.0,0.0,0.0
2026-09-10 06:30:00,0.0,0.0,0.0,0.0,0.0,0.0,0.0,0.0,0.0,0.0,0.0,0.0,0.0,0.0,0.0,0.0,0.0,0.0,1.0,6.123233995736766e-17,0.0,0.0,0.0
2026-09-10 07:00:00,0.0,0.0,0.0,0.0,0.0,0.0,0.0,0.0,0.0,0.0,0.0,0.0,0.0,0.0,0.0,0.0,0.0,0.0,0.9659258262890683,-0.25881904510252063,0.0,0.0,0.0
2026-09-10 07:30:00,0.0,0.0,0.0,0.0,0.0,0.0,0.0,0.0,0.0,0.0,0.0,0.0,0.0,0.0,0.0,0.0,0.0,0.0,0.9659258262890683,-0.25881904510252063,0.0,0.0,0.0
2026-09-10 08:00:00,0.0,0.0,0.0,0.0,0.0,0.0,0.0,0.0,0.0,0.0,0.0,0.0,0.0,0.0,0.0,0.0,0.0,0.0,0.8660254037844387,-0.4999999999999998,0.0,0.0,0.0
2026-09-11 01:30:00,0.0,0.0,0.0,0.0,0.0,0.0,0.0,0.0,0.0,0.0,0.0,0.0,0.0,0.0,0.0,0.0,0.0,0.0,0.25881904510252074,0.9659258262890683,0.0,0.0,0.0
2026-09-11 02:00:00,0.0,0.0,0.0,0.0,0.0,0.0,0.0,0.0,0.0,0.0,0.0,0.0,0.0,0.0,0.0,0.0,0.0,0.0,0.49999999999999994,0.8660254037844387,0.0,0.0,0.0
2026-09-11 02:30:00,0.0,0.0,0.0,0.0,0.0,0.0,0.0,0.0,0.0,0.0,0.0,0.0,0.0,0.0,0.0,0.0,0.0,0.0,0.49999999999999994,0.8660254037844387,0.0,0.0,0.0
2026-09-11 03:00:00,0.0,0.0,0.0,0.0,0.0,0.0,0.0,0.0,0.0,0.0,0.0,0.0,0.0,0.0,0.0,0.0,0.0,0.0,0.7071067811865476,0.7071067811865476,0.0,0.0,0.0
2026-09-11 03:30:00,0.0,0.0,0.0,0.0,0.0,0.0,0.0,0.0,0.0,0.0,0.0,0.0,0.0,0.0,0.0,0.0,0.0,0.0,0.7071067811865476,0.7071067811865476,0.0,0.0,0.0
2026-09-11 04:00:00,0.0,0.0,0.0,0.0,0.0,0.0,0.0,0.0,0.0,0.0,0.0,0.0,0.0,0.0,0.0,0.0,0.0,0.0,0.8660254037844386,0.5000000000000001,0.0,0.0,0.0
2026-09-11 04:30:00,0.0,0.0,0.0,0.0,0.0,0.0,0.0,0.0,0.0,0.0,0.0,0.0,0.0,0.0,0.0,0.0,0.0,0.0,0.8660254037844386,0.5000000000000001,0.0,0.0,0.0
2026-09-11 05:00:00,0.0,0.0,0.0,0.0,0.0,0.0,0.0,0.0,0.0,0.0,0.0,0.0,0.0,0.0,0.0,0.0,0.0,0.0,0.9659258262890683,0.25881904510252074,0.0,0.0,0.0
2026-09-11 05:30:00,0.0,0.0,0.0,0.0,0.0,0.0,0.0,0.0,0.0,0.0,0.0,0.0,0.0,0.0,0.0,0.0,0.0,0.0,0.9659258262890683,0.25881904510252074,0.0,0.0,0.0
2026-09-11 06:00:00,0.0,0.0,0.0,0.0,0.0,0.0,0.0,0.0,0.0,0.0,0.0,0.0,0.0,0.0,0.0,0.0,0.0,0.0,1.0,6.123233995736766e-17,0.0,0.0,0.0
2026-09-11 06:30:00,0.0,0.0,0.0,0.0,0.0,0.0,0.0,0.0,0.0,0.0,0.0,0.0,0.0,0.0,0.0,0.0,0.0,0.0,1.0,6.123233995736766e-17,0.0,0.0,0.0
2026-09-11 07:00:00,0.0,0.0,0.0,0.0,0.0,0.0,0.0,0.0,0.0,0.0,0.0,0.0,0.0,0.0,0.0,0.0,0.0,0.0,0.9659258262890683,-0.25881904510252063,0.0,0.0,0.0
2026-09-11 07:30:00,0.0,0.0,0.0,0.0,0.0,0.0,0.0,0.0,0.0,0.0,0.0,0.0,0.0,0.0,0.0,0.0,0.0,0.0,0.9659258262890683,-0.25881904510252063,0.0,0.0,0.0
2026-09-11 08:00:00,0.0,0.0,0.0,0.0,0.0,0.0,0.0,0.0,0.0,0.0,0.0,0.0,0.0,0.0,0.0,0.0,0.0,0.0,0.8660254037844387,-0.4999999999999998,0.0,0.0,0.0
2026-09-11 08:30:00,0.0,0.0,0.0,0.0,0.0,0.0,0.0,0.0,0.0,0.0,0.0,0.0,0.0,0.0,0.0,0.0,0.0,0.0,0.8660254037844387,-0.4999999999999998,0.0,0.0,0.0
2026-09-11 09:00:00,0.0,0.0,0.0,0.0,0.0,0.0,0.0,0.0,0.0,0.0,0.0,0.0,0.0,0.0,0.0,0.0,0.0,0.0,0.7071067811865476,-0.7071067811865475,0.0,0.0,0.0
2026-09-11 09:30:00,0.0,0.0,0.0,0.0,0.0,0.0,0.0,0.0,0.0,0.0,0.0,0.0,0.0,0.0,0.0,0.0,0.0,0.0,0.7071067811865476,-0.7071067811865475,0.0,0.0,0.0
2026-09-11 10:00:00,0.0,0.0,0.0,0.0,0.0,0.0,0.0,0.0,0.0,0.0,0.0,0.0,0.0,0.0,0.0,0.0,0.0,0.0,0.49999999999999994,-0.8660254037844387,0.0,0.0,0.0
2026-09-11 10:30:00,0.0,0.0,0.0,0.0,0.0,0.0,0.0,0.0,0.0,0.0,0.0,0.0,0.0,0.0,0.0,0.0,0.0,0.0,0.49999999999999994,-0.8660254037844387,0.0,0.0,0.0
2026-09-11 11:00:00,0.0,0.0,0.0,0.0,0.0,0.0,0.0,0.0,0.0,0.0,0.0,0.0,0.0,0.0,0.0,0.0,0.0,0.0,0.258819045102521,-0.9659258262890682,0.0,0.0,0.0
2026-09-11 11:30:00,0.0,0.0,0.0,0.0,0.0,0.0,0.0,0.0,0.0,0.0,0.0,0.0,0.0,0.0,0.0,0.0,0.0,0.0,0.258819045102521,-0.9659258262890682,0.0,0.0,0.0
2026-09-11 12:00:00,0.0,0.0,0.0,0.0,0.0,0.0,0.0,0.0,0.0,0.0,0.0,0.0,0.0,0.0,0.0,0.0,0.0,0.0,1.2246467991473532e-16,-1.0,0.0,0.0,0.0
2026-09-11 12:30:00,0.0,0.0,0.0,0.0,0.0,0.0,0.0,0.0,0.0,0.0,0.0,0.0,0.0,0.0,0.0,0.0,0.0,0.0,1.2246467991473532e-16,-1.0,0.0,0.0,0.0
2026-09-11 13:00:00,0.0,0.0,0.0,0.0,0.0,0.0,0.0,0.0,0.0,0.0,0.0,0.0,0.0,0.0,0.0,0.0,0.0,0.0,-0.2588190451025208,-0.9659258262890683,0.0,0.0,0.0
2026-09-11 13:30:00,0.0,0.0,0.0,0.0,0.0,0.0,0.0,0.0,0.0,0.0,0.0,0.0,0.0,0.0,0.0,0.0,0.0,0.0,-0.2588190451025208,-0.9659258262890683,0.0,0.0,0.0
2026-09-11 14:00:00,0.0,0.0,0.0,0.0,0.0,0.0,0.0,0.0,0.0,0.0,0.0,0.0,0.0,0.0,0.0,0.0,0.0,0.0,-0.4999999999999997,-0.8660254037844388,0.0,0.0,0.0
2026-09-12 01:30:00,0.0,0.0,0.0,0.0,0.0,0.0,0.0,0.0,0.0,0.0,0.0,0.0,0.0,0.0,0.0,0.0,0.0,0.0,0.25881904510252074,0.9659258262890683,0.0,0.0,0.0
2026-09-12 02:00:00,0.0,0.0,0.0,0.0,0.0,0.0,0.0,0.0,0.0,0.0,0.0,0.0,0.0,0.0,0.0,0.0,0.0,0.0,0.49999999999999994,0.8660254037844387,0.0,0.0,0.0
2026-09-12 02:30:00,0.0,0.0,0.0,0.0,0.0,0.0,0.0,0.0,0.0,0.0,0.0,0.0,0.0,0.0,0.0,0.0,0.0,0.0,0.49999999999999994,0.8660254037844387,0.0,0.0,0.0
2026-09-12 03:00:00,0.0,0.0,0.0,0.0,0.0,0.0,0.0,0.0,0.0,0.0,0.0,0.0,0.0,0.0,0.0,0.0,0.0,0.0,0.7071067811865476,0.7071067811865476,0.0,0.0,0.0
2026-09-12 03:30:00,0.0,0.0,0.0,0.0,0.0,0.0,0.0,0.0,0.0,0.0,0.0,0.0,0.0,0.0,0.0,0.0,0.0,0.0,0.7071067811865476,0.7071067811865476,0.0,0.0,0.0
2026-09-12 04:00:00,0.0,0.0,0.0,0.0,0.0,0.0,0.0,0.0,0.0,0.0,0.0,0.0,0.0,0.0,0.0,0.0,0.0,0.0,0.8660254037844386,0.5000000000000001,0.0,0.0,0.0
2026-09-12 04:30:00,0.0,0.0,0.0,0.0,0.0,0.0,0.0,0.0,0.0,0.0,0.0,0.0,0.0,0.0,0.0,0.0,0.0,0.0,0.8660254037844386,0.5000000000000001,0.0,0.0,0.0
2026-09-12 05:00:00,0.0,0.0,0.0,0.0,0.0,0.0,0.0,0.0,0.0,0.0,0.0,0.0,0.0,0.0,0.0,0.0,0.0,0.0,0.9659258262890683,0.25881904510252074,0.0,0.0,0.0
2026-09-12 05:30:00,0.0,0.0,0.0,0.0,0.0,0.0,0.0,0.0,0.0,0.0,0.0,0.0,0.0,0.0,0.0,0.0,0.0,0.0,0.9659258262890683,0.25881904510252074,0.0,0.0,0.0
2026-09-12 06:00:00,0.0,0.0,0.0,0.0,0.0,0.0,0.0,0.0,0.0,0.0,0.0,0.0,0.0,0.0,0.0,0.0,0.0,0.0,1.0,6.123233995736766e-17,0.0,0.0,0.0
2026-09-12 06:30:00,0.0,0.0,0.0,0.0,0.0,0.0,0.0,0.0,0.0,0.0,0.0,0.0,0.0,0.0,0.0,0.0,0.0,0.0,1.0,6.123233995736766e-17,0.0,0.0,0.0
2026-09-12 07:00:00,0.0,0.0,0.0,0.0,0.0,0.0,0.0,0.0,0.0,0.0,0.0,0.0,0.0,0.0,0.0,0.0,0.0,0.0,0.9659258262890683,-0.25881904510252063,0.0,0.0,0.019287581699346405
2026-09-12 07:30:00,0.0,0.0,0.0,0.0,0.0,0.0,0.0,0.0,0.0,0.0,0.0,0.0,0.0,0.0,0.0,0.0,0.0,0.0,0.9659258262890683,-0.25881904510252063,0.0,0.0,0.0414843137254902
2026-09-12 08:00:00,0.0,0.0,0.0,0.0,0.0,0.0,0.0,0.0,0.0,0.0,0.0,0.0,0.0,0.0,0.0,0.0,0.0,0.0,0.8660254037844387,-0.4999999999999998,0.0,0.019287581699346405,0.07924444444444444
2026-09-12 08:30:00,0.0,0.0,0.0,0.0,0.0,0.0,0.0,0.0,0.0,0.0,0.0,0.0,0.0,0.0,0.0,0.0,0.0,0.0,0.8660254037844387,-0.4999999999999998,0.0,0.0414843137254902,0.233537908496732
2026-09-12 09:00:00,0.0,0.0,0.0,0.0,0.0,0.0,0.0,0.0,0.0,0.0,0.0,0.0,0.0,0.0,0.0,0.0,0.0,0.0,0.7071067811865476,-0.7071067811865475,0.019287581699346405,0.07924444444444444,0.19693529411764707
2026-09-12 09:30:00,0.0,0.0,0.0,0.0,0.0,0.0,0.0,0.0,0.0,0.0,0.0,0.0,0.0,0.0,0.0,0.0,0.0,0.0,0.7071067811865476,-0.7071067811865475,0.0414843137254902,0.233537908496732,0.012464705882352942
2026-09-12 10:00:00,0.019287581699346405,0.0,0.0,0.0,0.0,0.0,0.0,0.0,0.0,0.0,0.0,0.0,0.0,0.0,0.019287581699346405,0.019287581699346405,0.0,0.0,0.49999999999999994,-0.8660254037844387,0.07924444444444444,0.19693529411764707,0.0
2026-09-12 10:30:00,0.0414843137254902,0.019287581699346405,0.0,0.0,0.0,0.0,0.0,0.0,0.009643790849673203,0.004821895424836601,0.0032145969498910674,0.0016072984749455337,0.019287581699346405,0.019287581699346405,0.022196732026143792,0.0414843137254902,0.009643790849673203,0.009643790849673203,0.49999999999999994,-0.8660254037844387,0.233537908496732,0.012464705882352942,0.0
2026-09-12 11:00:00,0.07924444444444444,0.0414843137254902,0.019287581699346405,0.0,0.0,0.0,0.0,0.0,0.0303859477124183,0.01519297385620915,0.010128649237472767,0.0050643246187363836,0.0414843137254902,0.0414843137254902,0.03776013071895424,0.05995686274509803,0.0303859477124183,0.0303859477124183,0.258819045102521,-0.9659258262890682,0.19693529411764707,0.0,0.0
2026-09-12 11:30:00,0.233537908496732,0.07924444444444444,0.0414843137254902,0.019287581699346405,0.0,0.0,0.0,0.0,0.06036437908496732,0.035004084967320256,0.02333605664488017,0.011668028322440085,0.07924444444444444,0.07924444444444444,0.15429346405228755,0.19205359477124181,0.07000816993464051,0.07000816993464053,0.258819045102521,-0.9659258262890682,0.012464705882352942,0.0,0.0
2026-09-12 12:00:00,0.19693529411764707,0.233537908496732,0.07924444444444444,0.0414843137254902,0.019287581699346405,0.0,0.0,0.0,0.15639117647058823,0.09338856209150326,0.0622590413943355,0.03112952069716775,0.233537908496732,0.233537908496732,-0.036602614379084936,0.11769084967320263,0.18677712418300652,0.18677712418300652,1.2246467991473532e-16,-1.0,0.0,0.0,0.0
2026-09-12 12:30:00,0.012464705882352942,0.19693529411764707,0.233537908496732,0.07924444444444444,0.0414843137254902,0.0,0.0,0.0,0.21523660130718952,0.13780049019607843,0.09508159041394336,0.04754079520697168,0.233537908496732,0.233537908496732,-0.18447058823529414,-0.22107320261437907,0.27560098039215686,0.28524477124183006,1.2246467991473532e-16,-1.0,0.0,0.0,0.0
2026-09-12 13:00:00,0.0,0.012464705882352942,0.19693529411764707,0.233537908496732,0.07924444444444444,0.019287581699346405,0.0,0.0,0.1047,0.1305455882352941,0.09715904139433551,0.048579520697167755,0.233537908496732,0.233537908496732,-0.012464705882352942,-0.19693529411764707,0.2610911764705882,0.29147712418300653,-0.2588190451025208,-0.9659258262890683,0.0,0.0,0.0
2026-09-12 13:30:00,0.0,0.0,0.012464705882352942,0.19693529411764707,0.233537908496732,0.0414843137254902,0.0,0.0,0.006232352941176471,0.110734477124183,0.09394444444444444,0.048579520697167755,0.233537908496732,0.233537908496732,0.0,-0.012464705882352942,0.221468954248366,0.29147712418300653,-0.2588190451025208,-0.9659258262890683,0.0,0.0,0.0
2026-09-12 14:00:00,0.0,0.0,0.0,0.012464705882352942,0.19693529411764707,0.07924444444444444,0.019287581699346405,0.0,0.0,0.05235,0.08703039215686274,0.048579520697167755,0.19693529411764707,0.233537908496732,0.0,0.0,0.1047,0.29147712418300653,-0.4999999999999997,-0.8660254037844388,0.0,0.0,0.0
2026-09-13 01:30:00,3.375613725490196,2.6107895424836602,1.1826339869281046,1.1123692810457515,0.5089241830065359,0.6968836601307189,0.13574183006535948,0.04421045751633987,1.8967117647058824,1.3536792483660132,1.1990727668845316,0.6691852941176469,2.6107895424836602,2.6107895424836602,0.7648241830065357,2.1929797385620913,2.7073584967320263,3.8870539215686275,0.25881904510252074,0.9659258262890683,4.248101960784314,2.421849019607843,0.7160588235294117
2026-09-13 02:00:00,4.0970477124183,3.375613725490196,2.6107895424836602,1.1826339869281046,1.1123692810457515,1.0828359477124183,0.44392941176470585,0.07637516339869281,2.993201633986928,2.070351633986928,1.6455277777777777,0.9468022331154683,3.375613725490196,3.375613725490196,0.7214339869281043,1.48625816993464,4.140703267973856,5.506989869281045,0.49999999999999994,0.8660254037844387,3.740638562091503,1.4848039215686275,0.19456862745098039
2026-09-13 02:30:00,4.248101960784314,4.0970477124183,3.375613725490196,2.6107895424836602,1.1826339869281046,0.5089241830065359,0.6968836601307189,0.05608562091503268,3.736330718954248,2.816521241830065,2.147896405228758,1.2818582788671022,4.0970477124183,4.0970477124183,0.15105424836601333,0.8724882352941177,5.63304248366013,7.333549019607842,0.49999999999999994,0.8660254037844387,2.421849019607843,0.7160588235294117,0.040613725490196075
2026-09-13 03:00:00,3.740638562091503,4.248101960784314,4.0970477124183,3.375613725490196,2.6107895424836602,1.1123692810457515,1.0828359477124183,0.07944444444444444,4.1725748366013065,3.582888235294117,2.7710927015250544,1.6311929738562092,4.248101960784314,4.248101960784314,-0.5074633986928108,-0.35640915032679743,7.165776470588234,9.10915816993464,0.7071067811865476,0.7071067811865476,1.4848039215686275,0.19456862745098039,0.015560130718954249
2026-09-13 03:30:00,2.421849019607843,3.740638562091503,4.248101960784314,4.0970477124183,3.375613725490196,1.1826339869281046,0.5089241830065359,0.13574183006535948,3.994370261437908,3.8653504901960782,3.209137581699346,1.9362924836601305,4.248101960784314,4.248101960784314,-1.31878954248366,-1.8262529411764707,7.7307009803921565,10.438059477124181,0.7071067811865476,0.7071067811865476,0.7160588235294117,0.040613725490196075,0.028837254901960784
2026-09-13 04:00:00,1.4848039215686275,2.421849019607843,3.740638562091503,4.248101960784314,4.0970477124183,2.6107895424836602,1.1123692810457515,0.44392941176470585,3.0812437908496726,3.6269093137254895,3.415673420479303,2.1268014161220044,4.248101960784314,4.248101960784314,-0.9370450980392153,-2.2558346405228753,7.253818627450979,11.394521895424834,0.8660254037844386,0.5000000000000001,0.19456862745098039,0.015560130718954249,0.131421568627451
2026-09-13 04:30:00,0.7160588235294117,1.4848039215686275,2.421849019607843,3.740638562091503,4.248101960784314,3.375613725490196,1.1826339869281046,0.6968836601307189,1.9533264705882352,2.9738483660130717,3.228009150326797,2.2135409586056647,4.248101960784314,4.248101960784314,-0.7687450980392158,-1.7057901960784312,5.947696732026143,11.580739215686274,0.8660254037844386,0.5000000000000001,0.040613725490196075,0.028837254901960784,0.16636928104575163
2026-09-13 05:00:00,0.19456862745098039,0.7160588235294117,1.4848039215686275,2.421849019607843,3.740638562091503,4.0970477124183,2.6107895424836602,1.0828359477124183,1.1004313725490196,2.090837581699346,2.7847499999999994,2.2151388888888888,3.740638562091503,4.248101960784314,-0.5214901960784314,-1.2902352941176471,4.181675163398692,11.347451633986926,0.9659258262890683,0.25881904510252074,0.015560130718954249,0.131421568627451,0.04187254901960784
2026-09-13 05:30:00,0.040613725490196075,0.19456862745098039,0.7160588235294117,1.4848039215686275,2.421849019607843,4.248101960784314,3.375613725490196,0.5089241830065359,0.45531372549019605,1.2043200980392157,2.134336819172113,2.1411166122004355,2.421849019607843,4.248101960784314,-0.15395490196078432,-0.6754450980392157,2.4086401960784314,10.139341176470587,0.9659258262890683,0.25881904510252074,0.028837254901960784,0.16636928104575163,0.060173202614379084
2026-09-13 06:00:00,0.015560130718954249,0.040613725490196075,0.19456862745098039,0.7160588235294117,1.4848039215686275,3.740638562091503,4.0970477124183,1.1123692810457515,0.11759117647058823,0.6090112745098039,1.433088779956427,2.1020907407407403,1.4848039215686275,4.248101960784314,-0.025053594771241826,-0.17900849673202612,1.2180225490196077,8.471841176470587,1.0,6.123233995736766e-17,0.131421568627451,0.04187254901960784,0.06598366013071895
2026-09-13 06:30:00,0.028837254901960784,0.015560130718954249,0.040613725490196075,0.19456862745098039,0.7160588235294117,2.421849019607843,4.248101960784314,1.1826339869281046,0.02808692810457516,0.2417003267973856,0.8122423747276689,2.0106899782135073,0.7160588235294117,4.248101960784314,0.013277124183006535,-0.011776470588235291,0.4834006535947712,6.431097385620914,1.0,6.123233995736766e-17,0.16636928104575163,0.060173202614379084,0.0
2026-09-13 07:00:00,0.131421568627451,0.028837254901960784,0.015560130718954249,0.040613725490196075,0.19456862745098039,1.4848039215686275,3.740638562091503,2.6107895424836602,0.022198692810457516,0.06989493464052286,0.4134070806100217,1.914540250544662,0.19456862745098039,4.248101960784314,0.1025843137254902,0.11586143790849675,0.13978986928104573,4.321465032679738,0.9659258262890683,-0.25881904510252063,0.04187254901960784,0.06598366013071895,0.005738562091503268
2026-09-13 07:30:00,0.16636928104575163,0.131421568627451,0.028837254901960784,0.015560130718954249,0.040613725490196075,0.7160588235294117,2.421849019607843,3.375613725490196,0.0801294117647059,0.05410816993464053,0.18784335511982567,1.7079262527233114,0.131421568627451,4.248101960784314,0.034947712418300636,0.13753202614379084,0.10821633986928106,2.5168565359477126,0.9659258262890683,-0.25881904510252063,0.060173202614379084,0.0,0.003061437908496732
2026-09-13 08:00:00,0.04187254901960784,0.16636928104575163,0.131421568627451,0.028837254901960784,0.015560130718954249,0.19456862745098039,1.4848039215686275,4.0970477124183,0.14889542483660131,0.08554705882352942,0.09622843137254901,1.4404892156862745,0.16636928104575163,4.248101960784314,-0.1244967320261438,-0.08954901960784316,0.17109411764705884,1.3891166666666666,0.8660254037844387,-0.4999999999999998,0.06598366013071895,0.005738562091503268,0.027615686274509804
2026-09-13 08:30:00,0.060173202614379084,0.04187254901960784,0.16636928104575163,0.131421568627451,0.028837254901960784,0.040613725490196075,0.7160588235294117,4.248101960784314,0.10412091503267973,0.09212516339869282,0.07077908496732026,1.1025579520697166,0.16636928104575163,4.248101960784314,0.018300653594771246,-0.10619607843137255,0.18425032679738565,0.6676509803921569,0.8660254037844387,-0.4999999999999998,0.0,0.003061437908496732,0.0699235294117647
2026-09-13 09:00:00,0.06598366013071895,0.060173202614379084,0.04187254901960784,0.16636928104575163,0.131421568627451,0.015560130718954249,0.19456862745098039,3.740638562091503,0.05102287581699346,0.09995915032679739,0.07403899782135077,0.7535638888888888,0.16636928104575163,3.740638562091503,0.005810457516339865,0.02411111111111111,0.19991830065359478,0.33970816993464054,0.7071067811865476,-0.7071067811865475,0.005738562091503268,0.027615686274509804,0.10206339869281046
2026-09-13 09:30:00,0.0,0.06598366013071895,0.060173202614379084,0.04187254901960784,0.16636928104575163,0.028837254901960784,0.040613725490196075,2.421849019607843,0.06307843137254901,0.08359967320261437,0.08244291938997822,0.4473426470588236,0.16636928104575163,2.421849019607843,-0.06598366013071895,-0.060173202614379084,0.16719934640522874,0.2754156862745098,0.7071067811865476,-0.7071067811865475,0.003061437908496732,0.0699235294117647,0.029330065359477124
2026-09-13 10:00:00,0.005738562091503268,0.0,0.06598366013071895,0.060173202614379084,0.04187254901960784,0.131421568627451,0.015560130718954249,1.4848039215686275,0.032991830065359475,0.04200735294117647,0.07763671023965142,0.2455218954248366,0.06598366013071895,1.4848039215686275,0.005738562091503268,-0.06024509803921568,0.08401470588235294,0.2551088235294118,0.49999999999999994,-0.8660254037844387,0.027615686274509804,0.10206339869281046,0.009098039215686273
2026-09-13 10:30:00,0.003061437908496732,0.005738562091503268,0.0,0.06598366013071895,0.060173202614379084,0.16636928104575163,0.028837254901960784,0.7160588235294117,0.002869281045751634,0.032973856209150325,0.05668954248366012,0.12226644880174292,0.06598366013071895,0.7160588235294117,-0.0026771241830065356,0.003061437908496732,0.06594771241830065,0.2501980392156863,0.49999999999999994,-0.8660254037844387,0.0699235294117647,0.029330065359477124,0.003324183006535948
2026-09-13 11:00:00,0.027615686274509804,0.003061437908496732,0.005738562091503268,0.0,0.06598366013071895,0.04187254901960784,0.131421568627451,0.19456862745098039,0.004399999999999999,0.018695915032679738,0.02947156862745098,0.06285,0.06598366013071895,0.19456862745098039,0.02455424836601307,0.02187712418300654,0.037391830065359476,0.23731013071895427,0.258819045102521,-0.9659258262890682,0.10206339869281046,0.009098039215686273,0.0028915032679738563
2026-09-13 11:30:00,0.0699235294117647,0.027615686274509804,0.003061437908496732,0.005738562091503268,0.0,0.060173202614379084,0.16636928104575163,0.040613725490196075,0.015338562091503269,0.009103921568627452,0.027095424836601305,0.04893725490196079,0.027615686274509804,0.16636928104575163,0.0423078431372549,0.06686209150326797,0.018207843137254903,0.18540718954248364,0.258819045102521,-0.9659258262890682,0.029330065359477124,0.003324183006535948,0.0
2026-09-13 12:00:00,0.10206339869281046,0.0699235294117647,0.027615686274509804,0.003061437908496732,0.005738562091503268,0.06598366013071895,0.04187254901960784,0.015560130718954249,0.048769607843137254,0.026584803921568628,0.028720479302832242,0.05137973856209151,0.0699235294117647,0.16636928104575163,0.03213986928104576,0.07444771241830066,0.053169607843137255,0.1371843137254902,1.2246467991473532e-16,-1.0,0.009098039215686273,0.0028915032679738563,0.0
2026-09-13 12:30:00,0.029330065359477124,0.10206339869281046,0.0699235294117647,0.027615686274509804,0.003061437908496732,0.0,0.060173202614379084,0.028837254901960784,0.08599346405228758,0.05066601307189543,0.034733769063180826,0.058588344226579527,0.10206339869281046,0.16636928104575163,-0.07273333333333334,-0.04059346405228758,0.10133202614379086,0.1672797385620915,1.2246467991473532e-16,-1.0,0.003324183006535948,0.0,0.0
2026-09-13 13:00:00,0.009098039215686273,0.029330065359477124,0.10206339869281046,0.0699235294117647,0.027615686274509804,0.005738562091503268,0.06598366013071895,0.131421568627451,0.06569673202614379,0.057233169934640525,0.03962211328976035,0.05862941176470588,0.10206339869281046,0.16636928104575163,-0.02023202614379085,-0.09296535947712418,0.11446633986928105,0.15185816993464052,-0.2588190451025208,-0.9659258262890683,0.0028915032679738563,0.0,0.0
2026-09-13 13:30:00,0.003324183006535948,0.009098039215686273,0.029330065359477124,0.10206339869281046,0.0699235294117647,0.003061437908496732,0.0,0.16636928104575163,0.019214052287581697,0.05260375816993464,0.04018202614379086,0.04843578431372549,0.10206339869281046,0.16636928104575163,-0.005773856209150325,-0.026005882352941177,0.10520751633986929,0.12341535947712418,-0.2588190451025208,-0.9659258262890683,0.0,0.0,0.05131764705882352
2026-09-13 14:00:00,0.0028915032679738563,0.003324183006535948,0.009098039215686273,0.029330065359477124,0.10206339869281046,0.027615686274509804,0.005738562091503268,0.04187254901960784,0.006211111111111111,0.03595392156862745,0.04022581699346405,0.034848692810457514,0.10206339869281046,0.10206339869281046,-0.00043267973856209174,-0.006206535947712416,0.0719078431372549,0.12507745098039216,-0.4999999999999997,-0.8660254037844388,0.0,0.0,0.021875816993464053
2026-09-14 01:30:00,0.0,0.0,0.0,0.0014686274509803923,0.03445032679738562,0.0,0.0,0.0,0.0,0.008979738562091503,0.011589324618736385,0.006074618736383442,0.03445032679738562,0.03445032679738562,0.0,0.0,0.017959477124183006,0.03644771241830065,0.25881904510252074,0.9659258262890683,0.0,0.0,0.0
2026-09-14 02:00:00,0.0,0.0,0.0,0.0,0.0014686274509803923,0.03361699346405229,0.003359477124183007,0.0,0.0,0.00036715686274509807,0.011589324618736385,0.006074618736383443,0.0014686274509803923,0.03445032679738562,0.0,0.0,0.0007343137254901961,0.03644771241830066,0.49999999999999994,0.8660254037844387,0.0,0.0,0.0
2026-09-14 02:30:00,0.0,0.0,0.0,0.0,0.0,0.03445032679738562,0.0,0.0,0.0,0.0,0.0059864923747276685,0.006074618736383443,0.0,0.03445032679738562,0.0,0.0,0.0,0.03476797385620915,0.49999999999999994,0.8660254037844387,0.0,0.0,0.0
2026-09-14 03:00:00,0.0,0.0,0.0,0.0,0.0,0.0014686274509803923,0.03361699346405229,0.0,0.0,0.0,0.0002447712418300654,0.006074618736383443,0.0,0.03445032679738562,0.0,0.0,0.0,0.03476797385620915,0.7071067811865476,0.7071067811865476,0.0,0.0,0.0
2026-09-14 03:30:00,0.0,0.0,0.0,0.0,0.0,0.0,0.03445032679738562,0.0,0.0,0.0,0.0,0.006074618736383442,0.0,0.03445032679738562,0.0,0.0,0.0,0.017959477124183006,0.7071067811865476,0.7071067811865476,0.0,0.0,0.0
2026-09-14 04:00:00,0.0,0.0,0.0,0.0,0.0,0.0,0.0014686274509803923,0.003359477124183007,0.0,0.0,0.0,0.006074618736383443,0.0,0.03445032679738562,0.0,0.0,0.0,0.0007343137254901961,0.8660254037844386,0.5000000000000001,0.0,0.0,0.0
2026-09-14 04:30:00,0.0,0.0,0.0,0.0,0.0,0.0,0.0,0.0,0.0,0.0,0.0,0.005794662309368192,0.0,0.03445032679738562,0.0,0.0,0.0,0.0,0.8660254037844386,0.5000000000000001,0.0,0.0,0.0
2026-09-14 05:00:00,0.0,0.0,0.0,0.0,0.0,0.0,0.0,0.03361699346405229,0.0,0.0,0.0,0.005794662309368192,0.0,0.03445032679738562,0.0,0.0,0.0,0.0,0.9659258262890683,0.25881904510252074,0.0,0.0,0.0
2026-09-14 05:30:00,0.0,0.0,0.0,0.0,0.0,0.0,0.0,0.03445032679738562,0.0,0.0,0.0,0.0029932461873638343,0.0,0.03445032679738562,0.0,0.0,0.0,0.0,0.9659258262890683,0.25881904510252074,0.0,0.0,0.0
2026-09-14 06:00:00,0.0,0.0,0.0,0.0,0.0,0.0,0.0,0.0014686274509803923,0.0,0.0,0.0,0.0001223856209150327,0.0,0.0014686274509803923,0.0,0.0,0.0,0.0,1.0,6.123233995736766e-17,0.0,0.0,0.0
2026-09-14 06:30:00,0.0,0.0,0.0,0.0,0.0,0.0,0.0,0.0,0.0,0.0,0.0,0.0,0.0,0.0,0.0,0.0,0.0,0.0,1.0,6.123233995736766e-17,0.0,0.0,0.0
2026-09-14 07:00:00,0.0,0.0,0.0,0.0,0.0,0.0,0.0,0.0,0.0,0.0,0.0,0.0,0.0,0.0,0.0,0.0,0.0,0.0,0.9659258262890683,-0.25881904510252063,0.0,0.0,0.0
2026-09-14 07:30:00,0.0,0.0,0.0,0.0,0.0,0.0,0.0,0.0,0.0,0.0,0.0,0.0,0.0,0.0,0.0,0.0,0.0,0.0,0.9659258262890683,-0.25881904510252063,0.0,0.0,0.0
2026-09-14 08:00:00,0.0,0.0,0.0,0.0,0.0,0.0,0.0,0.0,0.0,0.0,0.0,0.0,0.0,0.0,0.0,0.0,0.0,0.0,0.8660254037844387,-0.4999999999999998,0.0,0.0,0.0
2026-09-14 08:30:00,0.0,0.0,0.0,0.0,0.0,0.0,0.0,0.0,0.0,0.0,0.0,0.0,0.0,0.0,0.0,0.0,0.0,0.0,0.8660254037844387,-0.4999999999999998,0.0,0.0,0.0
2026-09-14 09:00:00,0.0,0.0,0.0,0.0,0.0,0.0,0.0,0.0,0.0,0.0,0.0,0.0,0.0,0.0,0.0,0.0,0.0,0.0,0.7071067811865476,-0.7071067811865475,0.0,0.0,0.0
2026-09-14 09:30:00,0.0,0.0,0.0,0.0,0.0,0.0,0.0,0.0,0.0,0.0,0.0,0.0,0.0,0.0,0.0,0.0,0.0,0.0,0.7071067811865476,-0.7071067811865475,0.0,0.0,0.0
2026-09-14 10:00:00,0.0,0.0,0.0,0.0,0.0,0.0,0.0,0.0,0.0,0.0,0.0,0.0,0.0,0.0,0.0,0.0,0.0,0.0,0.49999999999999994,-0.8660254037844387,0.0,0.0,0.0
2026-09-14 10:30:00,0.0,0.0,0.0,0.0,0.0,0.0,0.0,0.0,0.0,0.0,0.0,0.0,0.0,0.0,0.0,0.0,0.0,0.0,0.49999999999999994,-0.8660254037844387,0.0,0.0,0.0
2026-09-14 11:00:00,0.0,0.0,0.0,0.0,0.0,0.0,0.0,0.0,0.0,0.0,0.0,0.0,0.0,0.0,0.0,0.0,0.0,0.0,0.258819045102521,-0.9659258262890682,0.0,0.0,0.0
2026-09-14 11:30:00,0.0,0.0,0.0,0.0,0.0,0.0,0.0,0.0,0.0,0.0,0.0,0.0,0.0,0.0,0.0,0.0,0.0,0.0,0.258819045102521,-0.9659258262890682,0.0,0.0,0.0
2026-09-14 12:00:00,0.0,0.0,0.0,0.0,0.0,0.0,0.0,0.0,0.0,0.0,0.0,0.0,0.0,0.0,0.0,0.0,0.0,0.0,1.2246467991473532e-16,-1.0,0.0,0.0,0.0
2026-09-14 12:30:00,0.0,0.0,0.0,0.0,0.0,0.0,0.0,0.0,0.0,0.0,0.0,0.0,0.0,0.0,0.0,0.0,0.0,0.0,1.2246467991473532e-16,-1.0,0.0,0.0,0.0
2026-09-14 13:00:00,0.0,0.0,0.0,0.0,0.0,0.0,0.0,0.0,0.0,0.0,0.0,0.0,0.0,0.0,0.0,0.0,0.0,0.0,-0.2588190451025208,-0.9659258262890683,0.0,0.0,0.0
2026-09-14 13:30:00,0.0,0.0,0.0,0.0,0.0,0.0,0.0,0.0,0.0,0.0,0.0,0.0,0.0,0.0,0.0,0.0,0.0,0.0,-0.2588190451025208,-0.9659258262890683,0.0,0.0,0.0
2026-09-14 14:00:00,0.0,0.0,0.0,0.0,0.0,0.0,0.0,0.0,0.0,0.0,0.0,0.0,0.0,0.0,0.0,0.0,0.0,0.0,-0.4999999999999997,-0.8660254037844388,0.0,0.0,0.0
2026-09-15 01:30:00,0.0,0.0,0.0,0.0,0.0,0.0,0.0,0.0,0.0,0.0,0.0,0.0,0.0,0.0,0.0,0.0,0.0,0.0,0.25881904510252074,0.9659258262890683,0.0,0.0,0.0
2026-09-15 02:00:00,0.0,0.0,0.0,0.0,0.0,0.0,0.0,0.0,0.0,0.0,0.0,0.0,0.0,0.0,0.0,0.0,0.0,0.0,0.49999999999999994,0.8660254037844387,0.0,0.0,0.0
2026-09-15 02:30:00,0.0,0.0,0.0,0.0,0.0,0.0,0.0,0.0,0.0,0.0,0.0,0.0,0.0,0.0,0.0,0.0,0.0,0.0,0.49999999999999994,0.8660254037844387,0.0,0.0,0.0
2026-09-15 03:00:00,0.0,0.0,0.0,0.0,0.0,0.0,0.0,0.0,0.0,0.0,0.0,0.0,0.0,0.0,0.0,0.0,0.0,0.0,0.7071067811865476,0.7071067811865476,0.0,0.0,0.0
2026-09-15 03:30:00,0.0,0.0,0.0,0.0,0.0,0.0,0.0,0.0,0.0,0.0,0.0,0.0,0.0,0.0,0.0,0.0,0.0,0.0,0.7071067811865476,0.7071067811865476,0.0,0.0,0.0
2026-09-15 04:00:00,0.0,0.0,0.0,0.0,0.0,0.0,0.0,0.0,0.0,0.0,0.0,0.0,0.0,0.0,0.0,0.0,0.0,0.0,0.8660254037844386,0.5000000000000001,0.0,0.0,0.0
2026-09-15 04:30:00,0.0,0.0,0.0,0.0,0.0,0.0,0.0,0.0,0.0,0.0,0.0,0.0,0.0,0.0,0.0,0.0,0.0,0.0,0.8660254037844386,0.5000000000000001,0.0,0.0,0.0
2026-09-15 05:00:00,0.0,0.0,0.0,0.0,0.0,0.0,0.0,0.0,0.0,0.0,0.0,0.0,0.0,0.0,0.0,0.0,0.0,0.0,0.9659258262890683,0.25881904510252074,0.0,0.0,0.0
2026-09-15 05:30:00,0.0,0.0,0.0,0.0,0.0,0.0,0.0,0.0,0.0,0.0,0.0,0.0,0.0,0.0,0.0,0.0,0.0,0.0,0.9659258262890683,0.25881904510252074,0.0,0.0,0.0
2026-09-15 06:00:00,0.0,0.0,0.0,0.0,0.0,0.0,0.0,0.0,0.0,0.0,0.0,0.0,0.0,0.0,0.0,0.0,0.0,0.0,1.0,6.123233995736766e-17,0.0,0.0,0.0
2026-09-15 06:30:00,0.0,0.0,0.0,0.0,0.0,0.0,0.0,0.0,0.0,0.0,0.0,0.0,0.0,0.0,0.0,0.0,0.0,0.0,1.0,6.123233995736766e-17,0.0,0.0,0.0
2026-09-15 07:00:00,0.0,0.0,0.0,0.0,0.0,0.0,0.0,0.0,0.0,0.0,0.0,0.0,0.0,0.0,0.0,0.0,0.0,0.0,0.9659258262890683,-0.25881904510252063,0.0,0.0,0.0
2026-09-15 07:30:00,0.0,0.0,0.0,0.0,0.0,0.0,0.0,0.0,0.0,0.0,0.0,0.0,0.0,0.0,0.0,0.0,0.0,0.0,0.9659258262890683,-0.25881904510252063,0.0,0.0,0.0
2026-09-15 08:00:00,0.0,0.0,0.0,0.0,0.0,0.0,0.0,0.0,0.0,0.0,0.0,0.0,0.0,0.0,0.0,0.0,0.0,0.0,0.8660254037844387,-0.4999999999999998,0.0,0.0,0.0
2026-09-15 08:30:00,0.0,0.0,0.0,0.0,0.0,0.0,0.0,0.0,0.0,0.0,0.0,0.0,0.0,0.0,0.0,0.0,0.0,0.0,0.8660254037844387,-0.4999999999999998,0.0,0.0,0.0
2026-09-15 09:00:00,0.0,0.0,0.0,0.0,0.0,0.0,0.0,0.0,0.0,0.0,0.0,0.0,0.0,0.0,0.0,0.0,0.0,0.0,0.7071067811865476,-0.7071067811865475,0.0,0.0,0.0
2026-09-15 09:30:00,0.0,0.0,0.0,0.0,0.0,0.0,0.0,0.0,0.0,0.0,0.0,0.0,0.0,0.0,0.0,0.0,0.0,0.0,0.7071067811865476,-0.7071067811865475,0.0,0.0,0.0
2026-09-15 10:00:00,0.0,0.0,0.0,0.0,0.0,0.0,0.0,0.0,0.0,0.0,0.0,0.0,0.0,0.0,0.0,0.0,0.0,0.0,0.49999999999999994,-0.8660254037844387,0.0,0.0,0.0
2026-09-15 10:30:00,0.0,0.0,0.0,0.0,0.0,0.0,0.0,0.0,0.0,0.0,0.0,0.0,0.0,0.0,0.0,0.0,0.0,0.0,0.49999999999999994,-0.8660254037844387,0.0,0.0,0.0
2026-09-15 11:00:00,0.0,0.0,0.0,0.0,0.0,0.0,0.0,0.0,0.0,0.0,0.0,0.0,0.0,0.0,0.0,0.0,0.0,0.0,0.258819045102521,-0.9659258262890682,0.0,0.0,0.0
2026-09-15 11:30:00,0.0,0.0,0.0,0.0,0.0,0.0,0.0,0.0,0.0,0.0,0.0,0.0,0.0,0.0,0.0,0.0,0.0,0.0,0.258819045102521,-0.9659258262890682,0.0,0.0,0.0
2026-09-15 12:00:00,0.0,0.0,0.0,0.0,0.0,0.0,0.0,0.0,0.0,0.0,0.0,0.0,0.0,0.0,0.0,0.0,0.0,0.0,1.2246467991473532e-16,-1.0,0.0,0.0,0.0
2026-09-15 12:30:00,0.0,0.0,0.0,0.0,0.0,0.0,0.0,0.0,0.0,0.0,0.0,0.0,0.0,0.0,0.0,0.0,0.0,0.0,1.2246467991473532e-16,-1.0,0.0,0.0,0.0
2026-09-15 13:00:00,0.0,0.0,0.0,0.0,0.0,0.0,0.0,0.0,0.0,0.0,0.0,0.0,0.0,0.0,0.0,0.0,0.0,0.0,-0.2588190451025208,-0.9659258262890683,0.0,0.0,0.0
2026-09-15 13:30:00,0.0,0.0,0.0,0.0,0.0,0.0,0.0,0.0,0.0,0.0,0.0,0.0,0.0,0.0,0.0,0.0,0.0,0.0,-0.2588190451025208,-0.9659258262890683,0.0,0.0,0.0
2026-09-15 14:00:00,0.0,0.0,0.0,0.0,0.0,0.0,0.0,0.0,0.0,0.0,0.0,0.0,0.0,0.0,0.0,0.0,0.0,0.0,-0.4999999999999997,-0.8660254037844388,0.0,0.0,0.0
2026-09-16 01:30:00,0.0,0.0,0.0,0.0,0.0,0.0,0.0,0.0,0.0,0.0,0.0,0.0,0.0,0.0,0.0,0.0,0.0,0.0,0.25881904510252074,0.9659258262890683,0.0,0.0,0.0
2026-09-16 02:00:00,0.0,0.0,0.0,0.0,0.0,0.0,0.0,0.0,0.0,0.0,0.0,0.0,0.0,0.0,0.0,0.0,0.0,0.0,0.49999999999999994,0.8660254037844387,0.0,0.0,0.0
2026-09-16 02:30:00,0.0,0.0,0.0,0.0,0.0,0.0,0.0,0.0,0.0,0.0,0.0,0.0,0.0,0.0,0.0,0.0,0.0,0.0,0.49999999999999994,0.8660254037844387,0.0,0.0,0.0
2026-09-16 03:00:00,0.0,0.0,0.0,0.0,0.0,0.0,0.0,0.0,0.0,0.0,0.0,0.0,0.0,0.0,0.0,0.0,0.0,0.0,0.7071067811865476,0.7071067811865476,0.0,0.0,0.0
2026-09-16 03:30:00,0.0,0.0,0.0,0.0,0.0,0.0,0.0,0.0,0.0,0.0,0.0,0.0,0.0,0.0,0.0,0.0,0.0,0.0,0.7071067811865476,0.7071067811865476,0.0,0.0,0.0
2026-09-16 04:00:00,0.0,0.0,0.0,0.0,0.0,0.0,0.0,0.0,0.0,0.0,0.0,0.0,0.0,0.0,0.0,0.0,0.0,0.0,0.8660254037844386,0.5000000000000001,0.0,0.0,0.0
2026-09-16 04:30:00,0.0,0.0,0.0,0.0,0.0,0.0,0.0,0.0,0.0,0.0,0.0,0.0,0.0,0.0,0.0,0.0,0.0,0.0,0.8660254037844386,0.5000000000000001,0.0,0.0,0.0
2026-09-16 05:00:00,0.0,0.0,0.0,0.0,0.0,0.0,0.0,0.0,0.0,0.0,0.0,0.0,0.0,0.0,0.0,0.0,0.0,0.0,0.9659258262890683,0.25881904510252074,0.0,0.0,0.0
2026-09-16 05:30:00,0.0,0.0,0.0,0.0,0.0,0.0,0.0,0.0,0.0,0.0,0.0,0.0,0.0,0.0,0.0,0.0,0.0,0.0,0.9659258262890683,0.25881904510252074,0.0,0.0,0.0
2026-09-16 06:00:00,0.0,0.0,0.0,0.0,0.0,0.0,0.0,0.0,0.0,0.0,0.0,0.0,0.0,0.0,0.0,0.0,0.0,0.0,1.0,6.123233995736766e-17,0.0,0.0,0.0
2026-09-16 06:30:00,0.0,0.0,0.0,0.0,0.0,0.0,0.0,0.0,0.0,0.0,0.0,0.0,0.0,0.0,0.0,0.0,0.0,0.0,1.0,6.123233995736766e-17,0.0,0.0,0.0016882352941176469
2026-09-16 07:00:00,0.0,0.0,0.0,0.0,0.0,0.0,0.0,0.0,0.0,0.0,0.0,0.0,0.0,0.0,0.0,0.0,0.0,0.0,0.9659258262890683,-0.25881904510252063,0.0,0.0,0.0
2026-09-16 07:30:00,0.0,0.0,0.0,0.0,0.0,0.0,0.0,0.0,0.0,0.0,0.0,0.0,0.0,0.0,0.0,0.0,0.0,0.0,0.9659258262890683,-0.25881904510252063,0.0,0.0016882352941176469,0.0
2026-09-16 08:00:00,0.0,0.0,0.0,0.0,0.0,0.0,0.0,0.0,0.0,0.0,0.0,0.0,0.0,0.0,0.0,0.0,0.0,0.0,0.8660254037844387,-0.4999999999999998,0.0,0.0,0.0
2026-09-16 08:30:00,0.0,0.0,0.0,0.0,0.0,0.0,0.0,0.0,0.0,0.0,0.0,0.0,0.0,0.0,0.0,0.0,0.0,0.0,0.8660254037844387,-0.4999999999999998,0.0016882352941176469,0.0,0.0
2026-09-16 09:00:00,0.0,0.0,0.0,0.0,0.0,0.0,0.0,0.0,0.0,0.0,0.0,0.0,0.0,0.0,0.0,0.0,0.0,0.0,0.7071067811865476,-0.7071067811865475,0.0,0.0,0.0
2026-09-16 09:30:00,0.0016882352941176469,0.0,0.0,0.0,0.0,0.0,0.0,0.0,0.0,0.0,0.0,0.0,0.0,0.0,0.0016882352941176469,0.0016882352941176469,0.0,0.0,0.7071067811865476,-0.7071067811865475,0.0,0.0,0.0
2026-09-16 10:00:00,0.0,0.0016882352941176469,0.0,0.0,0.0,0.0,0.0,0.0,0.0008441176470588234,0.0004220588235294117,0.00028137254901960783,0.00014068627450980391,0.0016882352941176469,0.0016882352941176469,-0.0016882352941176469,0.0,0.0008441176470588234,0.0008441176470588234,0.49999999999999994,-0.8660254037844387,0.0,0.0,0.0
2026-09-16 10:30:00,0.0,0.0,0.0016882352941176469,0.0,0.0,0.0,0.0,0.0,0.0008441176470588234,0.0004220588235294117,0.00028137254901960783,0.00014068627450980391,0.0016882352941176469,0.0016882352941176469,0.0,-0.0016882352941176469,0.0008441176470588234,0.0008441176470588234,0.49999999999999994,-0.8660254037844387,0.0,0.0,0.0
2026-09-16 11:00:00,0.0,0.0,0.0,0.0016882352941176469,0.0,0.0,0.0,0.0,0.0,0.0004220588235294117,0.00028137254901960783,0.00014068627450980391,0.0016882352941176469,0.0016882352941176469,0.0,0.0,0.0008441176470588234,0.0008441176470588234,0.258819045102521,-0.9659258262890682,0.0,0.0,0.0
2026-09-16 11:30:00,0.0,0.0,0.0,0.0,0.0016882352941176469,0.0,0.0,0.0,0.0,0.0004220588235294117,0.00028137254901960783,0.00014068627450980391,0.0016882352941176469,0.0016882352941176469,0.0,0.0,0.0008441176470588234,0.0008441176470588234,0.258819045102521,-0.9659258262890682,0.0,0.0,0.0
2026-09-16 12:00:00,0.0,0.0,0.0,0.0,0.0,0.0,0.0,0.0,0.0,0.0,0.00028137254901960783,0.00014068627450980391,0.0,0.0016882352941176469,0.0,0.0,0.0,0.0008441176470588234,1.2246467991473532e-16,-1.0,0.0,0.0,0.0
2026-09-16 12:30:00,0.0,0.0,0.0,0.0,0.0,0.0016882352941176469,0.0,0.0,0.0,0.0,0.00028137254901960783,0.00014068627450980391,0.0,0.0016882352941176469,0.0,0.0,0.0,0.0008441176470588234,1.2246467991473532e-16,-1.0,0.0,0.0,0.0
2026-09-16 13:00:00,0.0,0.0,0.0,0.0,0.0,0.0,0.0,0.0,0.0,0.0,0.0,0.00014068627450980391,0.0,0.0016882352941176469,0.0,0.0,0.0,0.0008441176470588234,-0.2588190451025208,-0.9659258262890683,0.0,0.0,0.0
2026-09-16 13:30:00,0.0,0.0,0.0,0.0,0.0,0.0,0.0016882352941176469,0.0,0.0,0.0,0.0,0.00014068627450980391,0.0,0.0016882352941176469,0.0,0.0,0.0,0.0008441176470588234,-0.2588190451025208,-0.9659258262890683,0.0,0.0,0.0
2026-09-16 14:00:00,0.0,0.0,0.0,0.0,0.0,0.0,0.0,0.0,0.0,0.0,0.0,0.00014068627450980391,0.0,0.0016882352941176469,0.0,0.0,0.0,0.0,-0.4999999999999997,-0.8660254037844388,0.0,0.0,0.0
2026-09-17 01:30:00,0.029737254901960785,0.0,0.0,0.0,0.0,0.0,0.0,0.0,0.0,0.0,0.0,0.0,0.0,0.0,0.029737254901960785,0.029737254901960785,0.0,0.0,0.25881904510252074,0.9659258262890683,0.6780732026143791,0.030345098039215687,0.03976339869281046
2026-09-17 02:00:00,0.3179058823529412,0.029737254901960785,0.0,0.0,0.0,0.0,0.0,0.0,0.014868627450980392,0.007434313725490196,0.0049562091503267975,0.0024781045751633987,0.029737254901960785,0.029737254901960785,0.28816862745098043,0.3179058823529412,0.014868627450980392,0.014868627450980392,0.49999999999999994,0.8660254037844387,0.40887843137254903,0.0812640522875817,0.011181699346405229
2026-09-17 02:30:00,0.6780732026143791,0.3179058823529412,0.029737254901960785,0.0,0.0,0.0,0.0,0.0,0.173821568627451,0.0869107843137255,0.057940522875817,0.0289702614379085,0.3179058823529412,0.3179058823529412,0.3601673202614379,0.6483359477124183,0.173821568627451,0.173821568627451,0.49999999999999994,0.8660254037844387,0.030345098039215687,0.03976339869281046,0.006924183006535947
2026-09-17 03:00:00,0.40887843137254903,0.6780732026143791,0.3179058823529412,0.029737254901960785,0.0,0.0,0.0,0.0,0.4979895424836601,0.25642908496732025,0.17095272331154684,0.08547636165577342,0.6780732026143791,0.6780732026143791,-0.26919477124183006,0.09097254901960783,0.5128581699346405,0.5128581699346405,0.7071067811865476,0.7071067811865476,0.0812640522875817,0.011181699346405229,0.0
2026-09-17 03:30:00,0.030345098039215687,0.40887843137254903,0.6780732026143791,0.3179058823529412,0.029737254901960785,0.0,0.0,0.0,0.543475816993464,0.3586486928104575,0.23909912854030502,0.11954956427015251,0.6780732026143791,0.6780732026143791,-0.37853333333333333,-0.6477281045751634,0.717297385620915,0.717297385620915,0.7071067811865476,0.7071067811865476,0.03976339869281046,0.006924183006535947,0.0
2026-09-17 04:00:00,0.0812640522875817,0.030345098039215687,0.40887843137254903,0.6780732026143791,0.3179058823529412,0.0,0.0,0.0,0.21961176470588237,0.35880065359477126,0.2441566448801743,0.12207832244008715,0.6780732026143791,0.6780732026143791,0.05091895424836601,-0.3276143790849673,0.7176013071895425,0.7324699346405229,0.8660254037844386,0.5000000000000001,0.011181699346405229,0.0,0.0
2026-09-17 04:30:00,0.03976339869281046,0.0812640522875817,0.030345098039215687,0.40887843137254903,0.6780732026143791,0.029737254901960785,0.0,0.0,0.05580457516339869,0.29964019607843134,0.25770065359477123,0.12885032679738562,0.6780732026143791,0.6780732026143791,-0.04150065359477124,0.009418300653594773,0.5992803921568627,0.7731019607843137,0.8660254037844386,0.5000000000000001,0.006924183006535947,0.0,0.0
2026-09-17 05:00:00,0.011181699346405229,0.03976339869281046,0.0812640522875817,0.030345098039215687,0.40887843137254903,0.3179058823529412,0.0,0.0,0.06051372549019608,0.1400627450980392,0.25937167755991286,0.13216394335511983,0.40887843137254903,0.6780732026143791,-0.028581699346405233,-0.07008235294117647,0.2801254901960784,0.792983660130719,0.9659258262890683,0.25881904510252074,0.0,0.0,0.0
2026-09-17 05:30:00,0.006924183006535947,0.011181699346405229,0.03976339869281046,0.0812640522875817,0.030345098039215687,0.6780732026143791,0.029737254901960785,0.0,0.025472549019607844,0.040638562091503266,0.20825098039215686,0.13309575163398693,0.0812640522875817,0.6780732026143791,-0.004257516339869282,-0.032839215686274514,0.08127712418300653,0.7985745098039216,0.9659258262890683,0.25881904510252074,0.0,0.0,0.0
2026-09-17 06:00:00,0.0,0.006924183006535947,0.011181699346405229,0.03976339869281046,0.0812640522875817,0.40887843137254903,0.3179058823529412,0.0,0.009052941176470588,0.03478333333333333,0.09639281045751634,0.13367276688453159,0.0812640522875817,0.6780732026143791,-0.006924183006535947,-0.011181699346405229,0.06956666666666667,0.7871679738562092,1.0,6.123233995736766e-17,0.0,0.0,0.0
2026-09-17 06:30:00,0.0,0.0,0.006924183006535947,0.011181699346405229,0.03976339869281046,0.030345098039215687,0.6780732026143791,0.0,0.0034620915032679733,0.014467320261437908,0.028246405228758167,0.13367276688453159,0.03976339869281046,0.6780732026143791,0.0,-0.006924183006535947,0.028934640522875817,0.6282150326797385,1.0,6.123233995736766e-17,0.0,0.0,0.0
2026-09-17 07:00:00,0.0,0.0,0.0,0.006924183006535947,0.011181699346405229,0.0812640522875817,0.40887843137254903,0.0,0.0,0.004526470588235294,0.023188888888888887,0.13367276688453159,0.011181699346405229,0.6780732026143791,0.0,0.0,0.009052941176470588,0.28917843137254906,0.9659258262890683,-0.25881904510252063,0.0,0.0,0.0
2026-09-17 07:30:00,0.0,0.0,0.0,0.0,0.006924183006535947,0.03976339869281046,0.030345098039215687,0.029737254901960785,0.0,0.0017310457516339867,0.009644880174291938,0.13367276688453159,0.006924183006535947,0.6780732026143791,0.0,0.0,0.0034620915032679733,0.0847392156862745,0.9659258262890683,-0.25881904510252063,0.0,0.0,0.0
2026-09-17 08:00:00,0.0,0.0,0.0,0.0,0.0,0.011181699346405229,0.0812640522875817,0.3179058823529412,0.0,0.0,0.0030176470588235294,0.1311946623093682,0.0,0.6780732026143791,0.0,0.0,0.0,0.06956666666666667,0.8660254037844387,-0.4999999999999998,0.0,0.0,0.0
2026-09-17 08:30:00,0.0,0.0,0.0,0.0,0.0,0.006924183006535947,0.03976339869281046,0.6780732026143791,0.0,0.0,0.0011540305010893244,0.10470250544662309,0.0,0.6780732026143791,0.0,0.0,0.0,0.028934640522875817,0.8660254037844387,-0.4999999999999998,0.0,0.0,0.0
2026-09-17 09:00:00,0.0,0.0,0.0,0.0,0.0,0.0,0.011181699346405229,0.40887843137254903,0.0,0.0,0.0,0.04819640522875818,0.0,0.40887843137254903,0.0,0.0,0.0,0.009052941176470588,0.7071067811865476,-0.7071067811865475,0.0,0.0,0.0
2026-09-17 09:30:00,0.0,0.0,0.0,0.0,0.0,0.0,0.006924183006535947,0.030345098039215687,0.0,0.0,0.0,0.014123202614379084,0.0,0.0812640522875817,0.0,0.0,0.0,0.0034620915032679733,0.7071067811865476,-0.7071067811865475,0.0,0.0,0.0
2026-09-17 10:00:00,0.0,0.0,0.0,0.0,0.0,0.0,0.0,0.0812640522875817,0.0,0.0,0.0,0.011594444444444444,0.0,0.0812640522875817,0.0,0.0,0.0,0.0,0.49999999999999994,-0.8660254037844387,0.0,0.0,0.0
2026-09-17 10:30:00,0.0,0.0,0.0,0.0,0.0,0.0,0.0,0.03976339869281046,0.0,0.0,0.0,0.004822440087145969,0.0,0.03976339869281046,0.0,0.0,0.0,0.0,0.49999999999999994,-0.8660254037844387,0.0,0.0,0.0
2026-09-17 11:00:00,0.0,0.0,0.0,0.0,0.0,0.0,0.0,0.011181699346405229,0.0,0.0,0.0,0.0015088235294117647,0.0,0.011181699346405229,0.0,0.0,0.0,0.0,0.258819045102521,-0.9659258262890682,0.0,0.0,0.0
2026-09-17 11:30:00,0.0,0.0,0.0,0.0,0.0,0.0,0.0,0.006924183006535947,0.0,0.0,0.0,0.0005770152505446622,0.0,0.006924183006535947,0.0,0.0,0.0,0.0,0.258819045102521,-0.9659258262890682,0.0,0.0,0.0
2026-09-17 12:00:00,0.0,0.0,0.0,0.0,0.0,0.0,0.0,0.0,0.0,0.0,0.0,0.0,0.0,0.0,0.0,0.0,0.0,0.0,1.2246467991473532e-16,-1.0,0.0,0.0,0.0
2026-09-17 12:30:00,0.0,0.0,0.0,0.0,0.0,0.0,0.0,0.0,0.0,0.0,0.0,0.0,0.0,0.0,0.0,0.0,0.0,0.0,1.2246467991473532e-16,-1.0,0.0,0.0,0.0
2026-09-17 13:00:00,0.0,0.0,0.0,0.0,0.0,0.0,0.0,0.0,0.0,0.0,0.0,0.0,0.0,0.0,0.0,0.0,0.0,0.0,-0.2588190451025208,-0.9659258262890683,0.0,0.0,0.0
2026-09-17 13:30:00,0.0,0.0,0.0,0.0,0.0,0.0,0.0,0.0,0.0,0.0,0.0,0.0,0.0,0.0,0.0,0.0,0.0,0.0,-0.2588190451025208,-0.9659258262890683,0.0,0.0,0.0
2026-09-17 14:00:00,0.0,0.0,0.0,0.0,0.0,0.0,0.0,0.0,0.0,0.0,0.0,0.0,0.0,0.0,0.0,0.0,0.0,0.0,-0.4999999999999997,-0.8660254037844388,0.0,0.0,0.0
2026-09-18 01:30:00,0.04527320261437909,0.0,0.0,0.0,0.0,0.0,0.0,0.0,0.0,0.0,0.0,0.05047701525054466,0.0,0.39305555555555555,0.04527320261437909,0.04527320261437909,0.0,0.0,0.25881904510252074,0.9659258262890683,0.0,0.0,0.0
2026-09-18 02:00:00,0.03344117647058824,0.04527320261437909,0.0,0.0,0.0,0.0,0.0,0.0,0.022636601307189544,0.011318300653594772,0.007545533769063181,0.05424978213507625,0.04527320261437909,0.39305555555555555,-0.01183202614379085,0.03344117647058824,0.022636601307189544,0.022636601307189544,0.49999999999999994,0.8660254037844387,0.0,0.0,0.0
2026-09-18 02:30:00,0.0,0.03344117647058824,0.04527320261437909,0.0,0.0,0.0,0.0,0.39305555555555555,0.03935718954248366,0.01967859477124183,0.013119063180827888,0.0570365468409586,0.04527320261437909,0.39305555555555555,-0.03344117647058824,-0.04527320261437909,0.03935718954248366,0.03935718954248366,0.49999999999999994,0.8660254037844387,0.0,0.0,0.0
2026-09-18 03:00:00,0.0,0.0,0.03344117647058824,0.04527320261437909,0.0,0.0,0.0,0.2126686274509804,0.01672058823529412,0.01967859477124183,0.013119063180827888,0.02428191721132898,0.04527320261437909,0.2126686274509804,0.0,-0.03344117647058824,0.03935718954248366,0.03935718954248366,0.7071067811865476,0.7071067811865476,0.0,0.0,0.0
2026-09-18 03:30:00,0.0,0.0,0.0,0.03344117647058824,0.04527320261437909,0.0,0.0,0.0,0.0,0.01967859477124183,0.013119063180827888,0.006559531590413944,0.04527320261437909,0.04527320261437909,0.0,0.0,0.03935718954248366,0.03935718954248366,0.7071067811865476,0.7071067811865476,0.0,0.0,0.0
2026-09-18 04:00:00,0.0,0.0,0.0,0.0,0.03344117647058824,0.0,0.0,0.0,0.0,0.00836029411764706,0.013119063180827888,0.006559531590413944,0.03344117647058824,0.04527320261437909,0.0,0.0,0.01672058823529412,0.03935718954248366,0.8660254037844386,0.5000000000000001,0.0,0.0,0.0
2026-09-18 04:30:00,0.0,0.0,0.0,0.0,0.0,0.04527320261437909,0.0,0.0,0.0,0.0,0.013119063180827888,0.006559531590413944,0.0,0.04527320261437909,0.0,0.0,0.0,0.03935718954248366,0.8660254037844386,0.5000000000000001,0.0,0.0,0.0
2026-09-18 05:00:00,0.0,0.0,0.0,0.0,0.0,0.03344117647058824,0.0,0.0,0.0,0.0,0.005573529411764706,0.006559531590413944,0.0,0.04527320261437909,0.0,0.0,0.0,0.03935718954248366,0.9659258262890683,0.25881904510252074,0.0,0.0,0.0
2026-09-18 05:30:00,0.0,0.0,0.0,0.0,0.0,0.0,0.04527320261437909,0.0,0.0,0.0,0.0,0.006559531590413944,0.0,0.04527320261437909,0.0,0.0,0.0,0.03935718954248366,0.9659258262890683,0.25881904510252074,0.0,0.0,0.0
2026-09-18 06:00:00,0.0,0.0,0.0,0.0,0.0,0.0,0.03344117647058824,0.0,0.0,0.0,0.0,0.006559531590413944,0.0,0.04527320261437909,0.0,0.0,0.0,0.01672058823529412,1.0,6.123233995736766e-17,0.0,0.0,0.0
2026-09-18 06:30:00,0.0,0.0,0.0,0.0,0.0,0.0,0.0,0.0,0.0,0.0,0.0,0.006559531590413944,0.0,0.04527320261437909,0.0,0.0,0.0,0.0,1.0,6.123233995736766e-17,0.0,0.0,0.0
2026-09-18 07:00:00,0.0,0.0,0.0,0.0,0.0,0.0,0.0,0.0,0.0,0.0,0.0,0.006559531590413944,0.0,0.04527320261437909,0.0,0.0,0.0,0.0,0.9659258262890683,-0.25881904510252063,0.0,0.0,0.0
2026-09-18 07:30:00,0.0,0.0,0.0,0.0,0.0,0.0,0.0,0.04527320261437909,0.0,0.0,0.0,0.006559531590413944,0.0,0.04527320261437909,0.0,0.0,0.0,0.0,0.9659258262890683,-0.25881904510252063,0.0,0.0,0.0
2026-09-18 08:00:00,0.0,0.0,0.0,0.0,0.0,0.0,0.0,0.03344117647058824,0.0,0.0,0.0,0.002786764705882353,0.0,0.03344117647058824,0.0,0.0,0.0,0.0,0.8660254037844387,-0.4999999999999998,0.0,0.0,0.0
2026-09-18 08:30:00,0.0,0.0,0.0,0.0,0.0,0.0,0.0,0.0,0.0,0.0,0.0,0.0,0.0,0.0,0.0,0.0,0.0,0.0,0.8660254037844387,-0.4999999999999998,0.0,0.0,0.0
2026-09-18 09:00:00,0.0,0.0,0.0,0.0,0.0,0.0,0.0,0.0,0.0,0.0,0.0,0.0,0.0,0.0,0.0,0.0,0.0,0.0,0.7071067811865476,-0.7071067811865475,0.0,0.0,0.0
2026-09-18 09:30:00,0.0,0.0,0.0,0.0,0.0,0.0,0.0,0.0,0.0,0.0,0.0,0.0,0.0,0.0,0.0,0.0,0.0,0.0,0.7071067811865476,-0.7071067811865475,0.0,0.0,0.0
2026-09-18 10:00:00,0.0,0.0,0.0,0.0,0.0,0.0,0.0,0.0,0.0,0.0,0.0,0.0,0.0,0.0,0.0,0.0,0.0,0.0,0.49999999999999994,-0.8660254037844387,0.0,0.0,0.0
2026-09-18 10:30:00,0.0,0.0,0.0,0.0,0.0,0.0,0.0,0.0,0.0,0.0,0.0,0.0,0.0,0.0,0.0,0.0,0.0,0.0,0.49999999999999994,-0.8660254037844387,0.0,0.0,0.0
2026-09-18 11:00:00,0.0,0.0,0.0,0.0,0.0,0.0,0.0,0.0,0.0,0.0,0.0,0.0,0.0,0.0,0.0,0.0,0.0,0.0,0.258819045102521,-0.9659258262890682,0.0,0.0,0.0
2026-09-18 11:30:00,0.0,0.0,0.0,0.0,0.0,0.0,0.0,0.0,0.0,0.0,0.0,0.0,0.0,0.0,0.0,0.0,0.0,0.0,0.258819045102521,-0.9659258262890682,0.0,0.0,0.009147712418300653
2026-09-18 12:00:00,0.0,0.0,0.0,0.0,0.0,0.0,0.0,0.0,0.0,0.0,0.0,0.0,0.0,0.0,0.0,0.0,0.0,0.0,1.2246467991473532e-16,-1.0,0.0,0.0,0.0
2026-09-18 12:30:00,0.0,0.0,0.0,0.0,0.0,0.0,0.0,0.0,0.0,0.0,0.0,0.0,0.0,0.0,0.0,0.0,0.0,0.0,1.2246467991473532e-16,-1.0,0.0,0.009147712418300653,0.0
2026-09-18 13:00:00,0.0,0.0,0.0,0.0,0.0,0.0,0.0,0.0,0.0,0.0,0.0,0.0,0.0,0.0,0.0,0.0,0.0,0.0,-0.2588190451025208,-0.9659258262890683,0.0,0.0,0.0
2026-09-18 13:30:00,0.0,0.0,0.0,0.0,0.0,0.0,0.0,0.0,0.0,0.0,0.0,0.0,0.0,0.0,0.0,0.0,0.0,0.0,-0.2588190451025208,-0.9659258262890683,0.009147712418300653,0.0,0.0
2026-09-18 14:00:00,0.0,0.0,0.0,0.0,0.0,0.0,0.0,0.0,0.0,0.0,0.0,0.0,0.0,0.0,0.0,0.0,0.0,0.0,-0.4999999999999997,-0.8660254037844388,0.0,0.0,0.0
2026-09-19 01:30:00,0.06328496732026144,0.0,0.0020803921568627454,0.0021137254901960785,0.06669738562091504,0.11240718954248366,0.3859300653594771,0.0,0.0010401960784313727,0.017722875816993465,0.03257461873638345,0.13269264705882353,0.06669738562091504,0.38729281045751635,0.06328496732026144,0.061204575163398695,0.03544575163398693,0.3936735294117647,0.25881904510252074,0.9659258262890683,0.2643986928104575,0.0963,0.12224248366013071
2026-09-19 02:00:00,0.2587248366013072,0.06328496732026144,0.0,0.0020803921568627454,0.0021137254901960785,0.012149019607843137,0.20596928104575163,0.15318039215686274,0.03164248366013072,0.016869771241830065,0.024387581699346406,0.13796639433551197,0.06328496732026144,0.38729281045751635,0.19543986928104573,0.2587248366013072,0.03373954248366013,0.23235098039215685,0.49999999999999994,0.8660254037844387,0.06314836601307189,0.10417908496732026,0.05217450980392156
2026-09-19 02:30:00,0.2643986928104575,0.2587248366013072,0.06328496732026144,0.0,0.0020803921568627454,0.06669738562091504,0.11240718954248366,0.38729281045751635,0.16100490196078432,0.08102254901960784,0.06548355119825708,0.14676176470588234,0.2587248366013072,0.38729281045751635,0.005673856209150341,0.20111372549019607,0.16204509803921568,0.2587287581699346,0.49999999999999994,0.8660254037844387,0.0963,0.12224248366013071,0.0
2026-09-19 03:00:00,0.06314836601307189,0.2643986928104575,0.2587248366013072,0.06328496732026144,0.0,0.0021137254901960785,0.012149019607843137,0.2644915032679738,0.2615617647058823,0.14660212418300655,0.09843376906318084,0.1365205882352941,0.2643986928104575,0.3859300653594771,-0.20125032679738564,-0.1955764705882353,0.2932042483660131,0.33472450980392154,0.7071067811865476,0.7071067811865476,0.10417908496732026,0.05217450980392156,0.0
2026-09-19 03:30:00,0.0963,0.06314836601307189,0.2643986928104575,0.2587248366013072,0.06328496732026144,0.0020803921568627454,0.06669738562091504,0.3859300653594771,0.1637735294117647,0.1623892156862745,0.10860620915032677,0.11974199346405229,0.2643986928104575,0.3859300653594771,0.03315163398692811,-0.16809869281045753,0.324778431372549,0.36022418300653597,0.7071067811865476,0.7071067811865476,0.12224248366013071,0.0,0.0
2026-09-19 04:00:00,0.10417908496732026,0.0963,0.06314836601307189,0.2643986928104575,0.2587248366013072,0.0,0.0021137254901960785,0.20596928104575163,0.07972418300653594,0.17064297385620913,0.12430947712418301,0.09560615468409585,0.2643986928104575,0.2643986928104575,0.00787908496732026,0.04103071895424837,0.34128594771241827,0.3750254901960784,0.8660254037844386,0.5000000000000001,0.05217450980392156,0.0,0.0
2026-09-19 04:30:00,0.12224248366013071,0.10417908496732026,0.0963,0.06314836601307189,0.2643986928104575,0.06328496732026144,0.0020803921568627454,0.11240718954248366,0.10023954248366013,0.13200653594771242,0.14167265795206974,0.08712363834422658,0.2643986928104575,0.2643986928104575,0.018063398692810456,0.025942483660130716,0.26401307189542483,0.4260581699346405,0.8660254037844386,0.5000000000000001,0.0,0.0,0.0
2026-09-19 05:00:00,0.05217450980392156,0.12224248366013071,0.10417908496732026,0.0963,0.06314836601307189,0.2587248366013072,0.0,0.012149019607843137,0.11321078431372548,0.09646748366013072,0.15149891067538127,0.08794324618736384,0.12224248366013071,0.2643986928104575,-0.07006797385620915,-0.052004575163398695,0.19293496732026144,0.4861392156862745,0.9659258262890683,0.25881904510252074,0.0,0.0,0.0
2026-09-19 05:30:00,0.0,0.05217450980392156,0.12224248366013071,0.10417908496732026,0.0963,0.2643986928104575,0.06328496732026144,0.06669738562091504,0.08720849673202613,0.09372401960784313,0.11707385620915033,0.09127870370370371,0.12224248366013071,0.2643986928104575,-0.05217450980392156,-0.12224248366013071,0.18744803921568626,0.5122264705882353,0.9659258262890683,0.25881904510252074,0.0,0.0,0.0
2026-09-19 06:00:00,0.0,0.0,0.05217450980392156,0.12224248366013071,0.10417908496732026,0.06314836601307189,0.2587248366013072,0.0021137254901960785,0.02608725490196078,0.06964901960784313,0.07300740740740741,0.0857205882352941,0.12224248366013071,0.2643986928104575,0.0,-0.05217450980392156,0.13929803921568626,0.48058398692810456,1.0,6.123233995736766e-17,0.0,0.0,0.0
2026-09-19 06:30:00,0.0,0.0,0.0,0.05217450980392156,0.12224248366013071,0.0963,0.2643986928104575,0.0020803921568627454,0.0,0.043604248366013065,0.062482679738562086,0.08554444444444444,0.12224248366013071,0.2643986928104575,0.0,0.0,0.08720849673202613,0.35122156862745096,1.0,6.123233995736766e-17,0.0,0.0,0.0
2026-09-19 07:00:00,0.0,0.0,0.0,0.0,0.05217450980392156,0.10417908496732026,0.06314836601307189,0.0,0.0,0.01304362745098039,0.046432679738562084,0.08537107843137254,0.05217450980392156,0.2643986928104575,0.0,0.0,0.02608725490196078,0.21902222222222223,0.9659258262890683,-0.25881904510252063,0.0,0.0,0.0
2026-09-19 07:30:00,0.0,0.0,0.0,0.0,0.0,0.12224248366013071,0.0963,0.06328496732026144,0.0,0.0,0.029069498910675378,0.08537107843137255,0.0,0.2643986928104575,0.0,0.0,0.0,0.18744803921568626,0.9659258262890683,-0.25881904510252063,0.0,0.0,0.0
2026-09-19 08:00:00,0.0,0.0,0.0,0.0,0.0,0.05217450980392156,0.10417908496732026,0.2587248366013072,0.0,0.0,0.008695751633986927,0.08009733115468409,0.0,0.2643986928104575,0.0,0.0,0.0,0.13929803921568626,0.8660254037844387,-0.4999999999999998,0.0,0.0,0.0
2026-09-19 08:30:00,0.0,0.0,0.0,0.0,0.0,0.0,0.12224248366013071,0.2643986928104575,0.0,0.0,0.0,0.05853692810457516,0.0,0.2643986928104575,0.0,0.0,0.0,0.08720849673202613,0.8660254037844387,-0.4999999999999998,0.0,0.0,0.0
2026-09-19 09:00:00,0.0,0.0,0.0,0.0,0.0,0.0,0.05217450980392156,0.06314836601307189,0.0,0.0,0.0,0.036503703703703705,0.0,0.12224248366013071,0.0,0.0,0.0,0.02608725490196078,0.7071067811865476,-0.7071067811865475,0.0,0.0,0.0
2026-09-19 09:30:00,0.0,0.0,0.0,0.0,0.0,0.0,0.0,0.0963,0.0,0.0,0.0,0.031241339869281043,0.0,0.12224248366013071,0.0,0.0,0.0,0.0,0.7071067811865476,-0.7071067811865475,0.0,0.0,0.0
2026-09-19 10:00:00,0.0,0.0,0.0,0.0,0.0,0.0,0.0,0.10417908496732026,0.0,0.0,0.0,0.023216339869281042,0.0,0.12224248366013071,0.0,0.0,0.0,0.0,0.49999999999999994,-0.8660254037844387,0.0,0.0,0.0
2026-09-19 10:30:00,0.0,0.0,0.0,0.0,0.0,0.0,0.0,0.12224248366013071,0.0,0.0,0.0,0.014534749455337689,0.0,0.12224248366013071,0.0,0.0,0.0,0.0,0.49999999999999994,-0.8660254037844387,0.0,0.0,0.0
2026-09-19 11:00:00,0.0,0.0,0.0,0.0,0.0,0.0,0.0,0.05217450980392156,0.0,0.0,0.0,0.0043478758169934635,0.0,0.05217450980392156,0.0,0.0,0.0,0.0,0.258819045102521,-0.9659258262890682,0.0,0.0,0.0
2026-09-19 11:30:00,0.0,0.0,0.0,0.0,0.0,0.0,0.0,0.0,0.0,0.0,0.0,0.0,0.0,0.0,0.0,0.0,0.0,0.0,0.258819045102521,-0.9659258262890682,0.0,0.0,0.0
2026-09-19 12:00:00,0.0,0.0,0.0,0.0,0.0,0.0,0.0,0.0,0.0,0.0,0.0,0.0,0.0,0.0,0.0,0.0,0.0,0.0,1.2246467991473532e-16,-1.0,0.0,0.0,0.0
2026-09-19 12:30:00,0.0,0.0,0.0,0.0,0.0,0.0,0.0,0.0,0.0,0.0,0.0,0.0,0.0,0.0,0.0,0.0,0.0,0.0,1.2246467991473532e-16,-1.0,0.0,0.0,0.0
2026-09-19 13:00:00,0.0,0.0,0.0,0.0,0.0,0.0,0.0,0.0,0.0,0.0,0.0,0.0,0.0,0.0,0.0,0.0,0.0,0.0,-0.2588190451025208,-0.9659258262890683,0.0,0.0,0.0
2026-09-19 13:30:00,0.0,0.0,0.0,0.0,0.0,0.0,0.0,0.0,0.0,0.0,0.0,0.0,0.0,0.0,0.0,0.0,0.0,0.0,-0.2588190451025208,-0.9659258262890683,0.0,0.0,0.0
2026-09-19 14:00:00,0.0,0.0,0.0,0.0,0.0,0.0,0.0,0.0,0.0,0.0,0.0,0.0,0.0,0.0,0.0,0.0,0.0,0.0,-0.4999999999999997,-0.8660254037844388,0.0,0.0,0.0
2026-09-20 01:30:00,0.0,0.0,0.0,0.0,0.0,0.0,0.0,0.0,0.0,0.0,0.0,0.0,0.0,0.0,0.0,0.0,0.0,0.0,0.25881904510252074,0.9659258262890683,0.0,0.0,0.0
2026-09-20 02:00:00,0.0,0.0,0.0,0.0,0.0,0.0,0.0,0.0,0.0,0.0,0.0,0.0,0.0,0.0,0.0,0.0,0.0,0.0,0.49999999999999994,0.8660254037844387,0.0,0.0,0.0
2026-09-20 02:30:00,0.0,0.0,0.0,0.0,0.0,0.0,0.0,0.0,0.0,0.0,0.0,0.0,0.0,0.0,0.0,0.0,0.0,0.0,0.49999999999999994,0.8660254037844387,0.0,0.0,0.0
2026-09-20 03:00:00,0.0,0.0,0.0,0.0,0.0,0.0,0.0,0.0,0.0,0.0,0.0,0.0,0.0,0.0,0.0,0.0,0.0,0.0,0.7071067811865476,0.7071067811865476,0.0,0.0,0.0
2026-09-20 03:30:00,0.0,0.0,0.0,0.0,0.0,0.0,0.0,0.0,0.0,0.0,0.0,0.0,0.0,0.0,0.0,0.0,0.0,0.0,0.7071067811865476,0.7071067811865476,0.0,0.0,0.0
2026-09-20 04:00:00,0.0,0.0,0.0,0.0,0.0,0.0,0.0,0.0,0.0,0.0,0.0,0.0,0.0,0.0,0.0,0.0,0.0,0.0,0.8660254037844386,0.5000000000000001,0.0,0.0,0.0
2026-09-20 04:30:00,0.0,0.0,0.0,0.0,0.0,0.0,0.0,0.0,0.0,0.0,0.0,0.0,0.0,0.0,0.0,0.0,0.0,0.0,0.8660254037844386,0.5000000000000001,0.0,0.0,0.0
2026-09-20 05:00:00,0.0,0.0,0.0,0.0,0.0,0.0,0.0,0.0,0.0,0.0,0.0,0.0,0.0,0.0,0.0,0.0,0.0,0.0,0.9659258262890683,0.25881904510252074,0.0,0.0,0.0
2026-09-20 05:30:00,0.0,0.0,0.0,0.0,0.0,0.0,0.0,0.0,0.0,0.0,0.0,0.0,0.0,0.0,0.0,0.0,0.0,0.0,0.9659258262890683,0.25881904510252074,0.0,0.0,0.0
2026-09-20 06:00:00,0.0,0.0,0.0,0.0,0.0,0.0,0.0,0.0,0.0,0.0,0.0,0.0,0.0,0.0,0.0,0.0,0.0,0.0,1.0,6.123233995736766e-17,0.0,0.0,0.0
2026-09-20 06:30:00,0.0,0.0,0.0,0.0,0.0,0.0,0.0,0.0,0.0,0.0,0.0,0.0,0.0,0.0,0.0,0.0,0.0,0.0,1.0,6.123233995736766e-17,0.0,0.0,0.0
2026-09-20 07:00:00,0.0,0.0,0.0,0.0,0.0,0.0,0.0,0.0,0.0,0.0,0.0,0.0,0.0,0.0,0.0,0.0,0.0,0.0,0.9659258262890683,-0.25881904510252063,0.0,0.0,0.0
2026-09-20 07:30:00,0.0,0.0,0.0,0.0,0.0,0.0,0.0,0.0,0.0,0.0,0.0,0.0,0.0,0.0,0.0,0.0,0.0,0.0,0.9659258262890683,-0.25881904510252063,0.0,0.0,0.0
2026-09-20 08:00:00,0.0,0.0,0.0,0.0,0.0,0.0,0.0,0.0,0.0,0.0,0.0,0.0,0.0,0.0,0.0,0.0,0.0,0.0,0.8660254037844387,-0.4999999999999998,0.0,0.0,0.0
2026-09-20 08:30:00,0.0,0.0,0.0,0.0,0.0,0.0,0.0,0.0,0.0,0.0,0.0,0.0,0.0,0.0,0.0,0.0,0.0,0.0,0.8660254037844387,-0.4999999999999998,0.0,0.0,0.0
2026-09-20 09:00:00,0.0,0.0,0.0,0.0,0.0,0.0,0.0,0.0,0.0,0.0,0.0,0.0,0.0,0.0,0.0,0.0,0.0,0.0,0.7071067811865476,-0.7071067811865475,0.0,0.0,0.0
2026-09-20 09:30:00,0.0,0.0,0.0,0.0,0.0,0.0,0.0,0.0,0.0,0.0,0.0,0.0,0.0,0.0,0.0,0.0,0.0,0.0,0.7071067811865476,-0.7071067811865475,0.0,0.0,0.0
2026-09-20 10:00:00,0.0,0.0,0.0,0.0,0.0,0.0,0.0,0.0,0.0,0.0,0.0,0.0,0.0,0.0,0.0,0.0,0.0,0.0,0.49999999999999994,-0.8660254037844387,0.0,0.0,0.0
2026-09-20 10:30:00,0.0,0.0,0.0,0.0,0.0,0.0,0.0,0.0,0.0,0.0,0.0,0.0,0.0,0.0,0.0,0.0,0.0,0.0,0.49999999999999994,-0.8660254037844387,0.0,0.0,0.0
2026-09-20 11:00:00,0.0,0.0,0.0,0.0,0.0,0.0,0.0,0.0,0.0,0.0,0.0,0.0,0.0,0.0,0.0,0.0,0.0,0.0,0.258819045102521,-0.9659258262890682,0.0,0.0,0.0
2026-09-20 11:30:00,0.0,0.0,0.0,0.0,0.0,0.0,0.0,0.0,0.0,0.0,0.0,0.0,0.0,0.0,0.0,0.0,0.0,0.0,0.258819045102521,-0.9659258262890682,0.0,0.0,0.0
2026-09-20 12:00:00,0.0,0.0,0.0,0.0,0.0,0.0,0.0,0.0,0.0,0.0,0.0,0.0,0.0,0.0,0.0,0.0,0.0,0.0,1.2246467991473532e-16,-1.0,0.0,0.0,0.0
2026-09-20 12:30:00,0.0,0.0,0.0,0.0,0.0,0.0,0.0,0.0,0.0,0.0,0.0,0.0,0.0,0.0,0.0,0.0,0.0,0.0,1.2246467991473532e-16,-1.0,0.0,0.0,0.0
2026-09-20 13:00:00,0.0,0.0,0.0,0.0,0.0,0.0,0.0,0.0,0.0,0.0,0.0,0.0,0.0,0.0,0.0,0.0,0.0,0.0,-0.2588190451025208,-0.9659258262890683,0.0,0.0,0.0
2026-09-20 13:30:00,0.0,0.0,0.0,0.0,0.0,0.0,0.0,0.0,0.0,0.0,0.0,0.0,0.0,0.0,0.0,0.0,0.0,0.0,-0.2588190451025208,-0.9659258262890683,0.0,0.0,0.0
2026-09-20 14:00:00,0.0,0.0,0.0,0.0,0.0,0.0,0.0,0.0,0.0,0.0,0.0,0.0,0.0,0.0,0.0,0.0,0.0,0.0,-0.4999999999999997,-0.8660254037844388,0.0,0.0,0.0
2026-09-21 01:30:00,0.0,0.0,0.0,0.0,0.0,0.0,0.0,0.0,0.0,0.0,0.0,0.0,0.0,0.0,0.0,0.0,0.0,0.0,0.25881904510252074,0.9659258262890683,0.0,0.0,0.0
2026-09-21 02:00:00,0.0,0.0,0.0,0.0,0.0,0.0,0.0,0.0,0.0,0.0,0.0,0.0,0.0,0.0,0.0,0.0,0.0,0.0,0.49999999999999994,0.8660254037844387,0.0,0.0,0.0
2026-09-21 02:30:00,0.0,0.0,0.0,0.0,0.0,0.0,0.0,0.0,0.0,0.0,0.0,0.0,0.0,0.0,0.0,0.0,0.0,0.0,0.49999999999999994,0.8660254037844387,0.0,0.0,0.0
2026-09-21 03:00:00,0.0,0.0,0.0,0.0,0.0,0.0,0.0,0.0,0.0,0.0,0.0,0.0,0.0,0.0,0.0,0.0,0.0,0.0,0.7071067811865476,0.7071067811865476,0.0,0.0,0.0
2026-09-21 03:30:00,0.0,0.0,0.0,0.0,0.0,0.0,0.0,0.0,0.0,0.0,0.0,0.0,0.0,0.0,0.0,0.0,0.0,0.0,0.7071067811865476,0.7071067811865476,0.0,0.0,0.0
2026-09-21 04:00:00,0.0,0.0,0.0,0.0,0.0,0.0,0.0,0.0,0.0,0.0,0.0,0.0,0.0,0.0,0.0,0.0,0.0,0.0,0.8660254037844386,0.5000000000000001,0.0,0.0,0.0
2026-09-21 04:30:00,0.0,0.0,0.0,0.0,0.0,0.0,0.0,0.0,0.0,0.0,0.0,0.0,0.0,0.0,0.0,0.0,0.0,0.0,0.8660254037844386,0.5000000000000001,0.0,0.0,0.0
2026-09-21 05:00:00,0.0,0.0,0.0,0.0,0.0,0.0,0.0,0.0,0.0,0.0,0.0,0.0,0.0,0.0,0.0,0.0,0.0,0.0,0.9659258262890683,0.25881904510252074,0.0,0.0,0.0
2026-09-21 05:30:00,0.0,0.0,0.0,0.0,0.0,0.0,0.0,0.0,0.0,0.0,0.0,0.0,0.0,0.0,0.0,0.0,0.0,0.0,0.9659258262890683,0.25881904510252074,0.0,0.0,0.0
2026-09-21 06:00:00,0.0,0.0,0.0,0.0,0.0,0.0,0.0,0.0,0.0,0.0,0.0,0.0,0.0,0.0,0.0,0.0,0.0,0.0,1.0,6.123233995736766e-17,0.0,0.0,0.0031091503267973854
2026-09-21 06:30:00,0.0,0.0,0.0,0.0,0.0,0.0,0.0,0.0,0.0,0.0,0.0,0.0,0.0,0.0,0.0,0.0,0.0,0.0,1.0,6.123233995736766e-17,0.0,0.0,0.5085254901960784
2026-09-21 07:00:00,0.0,0.0,0.0,0.0,0.0,0.0,0.0,0.0,0.0,0.0,0.0,0.0,0.0,0.0,0.0,0.0,0.0,0.0,0.9659258262890683,-0.25881904510252063,0.0,0.0031091503267973854,1.6015738562091504
2026-09-21 07:30:00,0.0,0.0,0.0,0.0,0.0,0.0,0.0,0.0,0.0,0.0,0.0,0.0,0.0,0.0,0.0,0.0,0.0,0.0,0.9659258262890683,-0.25881904510252063,0.0,0.5085254901960784,2.331465359477124
2026-09-21 08:00:00,0.0,0.0,0.0,0.0,0.0,0.0,0.0,0.0,0.0,0.0,0.0,0.0,0.0,0.0,0.0,0.0,0.0,0.0,0.8660254037844387,-0.4999999999999998,0.0031091503267973854,1.6015738562091504,7.599196078431372
2026-09-21 08:30:00,0.0,0.0,0.0,0.0,0.0,0.0,0.0,0.0,0.0,0.0,0.0,0.0,0.0,0.0,0.0,0.0,0.0,0.0,0.8660254037844387,-0.4999999999999998,0.5085254901960784,2.331465359477124,18.224592810457516
2026-09-21 09:00:00,0.0031091503267973854,0.0,0.0,0.0,0.0,0.0,0.0,0.0,0.0,0.0,0.0,0.0,0.0,0.0,0.0031091503267973854,0.0031091503267973854,0.0,0.0,0.7071067811865476,-0.7071067811865475,1.6015738562091504,7.599196078431372,15.454196078431371
2026-09-21 09:30:00,0.5085254901960784,0.0031091503267973854,0.0,0.0,0.0,0.0,0.0,0.0,0.0015545751633986927,0.0007772875816993463,0.0005181917211328975,0.00025909586056644876,0.0031091503267973854,0.0031091503267973854,0.505416339869281,0.5085254901960784,0.0015545751633986927,0.0015545751633986927,0.7071067811865476,-0.7071067811865475,2.331465359477124,18.224592810457516,1.4163575163398692
2026-09-21 10:00:00,1.6015738562091504,0.5085254901960784,0.0031091503267973854,0.0,0.0,0.0,0.0,0.0,0.2558173202614379,0.12790866013071894,0.08527244008714596,0.04263622004357298,0.5085254901960784,0.5085254901960784,1.0930483660130719,1.598464705882353,0.2558173202614379,0.2558173202614379,0.49999999999999994,-0.8660254037844387,7.599196078431372,15.454196078431371,1.121327450980392
2026-09-21 10:30:00,2.331465359477124,1.6015738562091504,0.5085254901960784,0.0031091503267973854,0.0,0.0,0.0,0.0,1.0550496732026144,0.5283021241830066,0.3522014161220044,0.1761007080610022,1.6015738562091504,1.6015738562091504,0.7298915032679738,1.8229398692810457,1.0566042483660132,1.0566042483660132,0.49999999999999994,-0.8660254037844387,18.224592810457516,1.4163575163398692,3.6530202614379084
2026-09-21 11:00:00,7.599196078431372,2.331465359477124,1.6015738562091504,0.5085254901960784,0.0031091503267973854,0.0,0.0,0.0,1.9665196078431373,1.1111684640522876,0.7407789760348584,0.3703894880174292,2.331465359477124,2.331465359477124,5.2677307189542475,5.997622222222221,2.2223369281045753,2.2223369281045753,0.258819045102521,-0.9659258262890682,15.454196078431371,1.121327450980392,5.328313071895425
2026-09-21 11:30:00,18.224592810457516,7.599196078431372,2.331465359477124,1.6015738562091504,0.5085254901960784,0.0,0.0,0.0,4.965330718954248,3.0101901960784314,2.0073116557734205,1.0036558278867103,7.599196078431372,7.599196078431372,10.625396732026143,15.89312745098039,6.020380392156863,6.021934967320261,0.258819045102521,-0.9659258262890682,1.4163575163398692,3.6530202614379084,3.666924836601307
2026-09-21 12:00:00,15.454196078431371,18.224592810457516,7.599196078431372,2.331465359477124,1.6015738562091504,0.0031091503267973854,0.0,0.0,12.911894444444444,7.439207026143791,5.044743790849673,2.5223718954248366,18.224592810457516,18.224592810457516,-2.7703967320261444,7.8549999999999995,14.878414052287582,15.134231372549019,1.2246467991473532e-16,-1.0,1.121327450980392,5.328313071895425,1.5800607843137255
2026-09-21 12:30:00,1.4163575163398692,15.454196078431371,18.224592810457516,7.599196078431372,2.331465359477124,0.5085254901960784,0.0,0.0,16.839394444444444,10.902362581699347,7.619924945533769,3.8102215686274508,18.224592810457516,18.224592810457516,-14.037838562091501,-16.808235294117647,21.804725163398693,22.861329411764707,1.2246467991473532e-16,-1.0,3.6530202614379084,3.666924836601307,0.7626522875816993
2026-09-21 13:00:00,1.121327450980392,1.4163575163398692,15.454196078431371,18.224592810457516,7.599196078431372,1.6015738562091504,0.0031091503267973854,0.0,8.43527679738562,10.673585620915032,7.771230283224401,3.9282513616557733,18.224592810457516,18.224592810457516,-0.29503006535947707,-14.33286862745098,21.347171241830065,23.56950816993464,-0.2588190451025208,-0.9659258262890683,5.328313071895425,1.5800607843137255,0.6024529411764705
2026-09-21 13:30:00,3.6530202614379084,1.121327450980392,1.4163575163398692,15.454196078431371,18.224592810457516,2.331465359477124,0.5085254901960784,0.0,1.2688424836601306,9.054118464052289,7.691189215686276,4.0216953159041395,18.224592810457516,18.224592810457516,2.5316928104575163,2.236662745098039,18.108236928104578,24.128617320261437,-0.2588190451025208,-0.9659258262890683,3.666924836601307,0.7626522875816993,0.41531111111111113
2026-09-21 14:00:00,5.328313071895425,3.6530202614379084,1.121327450980392,1.4163575163398692,15.454196078431371,7.599196078431372,1.6015738562091504,0.0,2.3871738562091505,5.4112253267973855,7.911448366013072,4.326113671023966,15.454196078431371,18.224592810457516,1.6752928104575169,4.206985620915033,10.822450653594771,25.700864705882353,-0.4999999999999997,-0.8660254037844388,1.5800607843137255,0.6024529411764705,0.23546470588235294
2026-09-22 01:30:00,0.0037601307189542485,0.0,0.0,0.0,0.0,0.0,0.1019875816993464,0.008283660130718955,0.0,0.0,0.0,0.03702881263616558,0.0,0.1306562091503268,0.0037601307189542485,0.0037601307189542485,0.0,0.06776339869281045,0.25881904510252074,0.9659258262890683,0.0,0.0,0.011948366013071896
2026-09-22 02:00:00,0.002304575163398693,0.0037601307189542485,0.0,0.0,0.0,0.0,0.03353921568627451,0.05067712418300654,0.0018800653594771243,0.0009400326797385621,0.0006266884531590415,0.036651851851851845,0.0037601307189542485,0.1306562091503268,-0.0014555555555555554,0.002304575163398693,0.0018800653594771243,0.01864967320261438,0.49999999999999994,0.8660254037844387,0.0,0.0,0.028407189542483655
2026-09-22 02:30:00,0.0,0.002304575163398693,0.0037601307189542485,0.0,0.0,0.0,0.0,0.11920196078431372,0.003032352941176471,0.0015161764705882354,0.0010107843137254903,0.032620806100217864,0.0037601307189542485,0.1306562091503268,-0.002304575163398693,-0.0037601307189542485,0.003032352941176471,0.003032352941176471,0.49999999999999994,0.8660254037844387,0.0,0.011948366013071896,0.015422875816993465
2026-09-22 03:00:00,0.0,0.0,0.002304575163398693,0.0037601307189542485,0.0,0.0,0.0,0.1306562091503268,0.0011522875816993466,0.0015161764705882354,0.0010107843137254903,0.02268730936819172,0.0037601307189542485,0.1306562091503268,0.0,-0.002304575163398693,0.003032352941176471,0.003032352941176471,0.7071067811865476,0.7071067811865476,0.0,0.028407189542483655,0.0
2026-09-22 03:30:00,0.0,0.0,0.0,0.002304575163398693,0.0037601307189542485,0.0,0.0,0.1019875816993464,0.0,0.0015161764705882354,0.0010107843137254903,0.01179929193899782,0.0037601307189542485,0.1019875816993464,0.0,0.0,0.003032352941176471,0.003032352941176471,0.7071067811865476,0.7071067811865476,0.011948366013071896,0.015422875816993465,0.0
2026-09-22 04:00:00,0.0,0.0,0.0,0.0,0.002304575163398693,0.0,0.0,0.03353921568627451,0.0,0.0005761437908496733,0.0010107843137254903,0.0033003267973856208,0.002304575163398693,0.03353921568627451,0.0,0.0,0.0011522875816993466,0.003032352941176471,0.8660254037844386,0.5000000000000001,0.028407189542483655,0.0,0.0
2026-09-22 04:30:00,0.011948366013071896,0.0,0.0,0.0,0.0,0.0037601307189542485,0.0,0.0,0.0,0.0,0.0010107843137254903,0.0005053921568627451,0.0,0.0037601307189542485,0.011948366013071896,0.011948366013071896,0.0,0.003032352941176471,0.8660254037844386,0.5000000000000001,0.015422875816993465,0.0,0.0
2026-09-22 05:00:00,0.028407189542483655,0.011948366013071896,0.0,0.0,0.0,0.002304575163398693,0.0,0.0,0.005974183006535948,0.002987091503267974,0.0023754901960784318,0.0015010893246187363,0.011948366013071896,0.011948366013071896,0.01645882352941176,0.028407189542483655,0.005974183006535948,0.009006535947712418,0.9659258262890683,0.25881904510252074,0.0,0.0,0.0
2026-09-22 05:30:00,0.015422875816993465,0.028407189542483655,0.011948366013071896,0.0,0.0,0.0,0.0037601307189542485,0.0,0.020177777777777774,0.010088888888888887,0.006725925925925924,0.0038683551198257075,0.028407189542483655,0.028407189542483655,-0.01298431372549019,0.003474509803921569,0.020177777777777774,0.023210130718954246,0.9659258262890683,0.25881904510252074,0.0,0.0,0.0
2026-09-22 06:00:00,0.0,0.015422875816993465,0.028407189542483655,0.011948366013071896,0.0,0.0,0.002304575163398693,0.0,0.021915032679738558,0.013944607843137252,0.009296405228758168,0.005153594771241829,0.028407189542483655,0.028407189542483655,-0.015422875816993465,-0.028407189542483655,0.027889215686274504,0.02904150326797385,1.0,6.123233995736766e-17,0.0,0.0,0.0
2026-09-22 06:30:00,0.0,0.0,0.015422875816993465,0.028407189542483655,0.011948366013071896,0.0,0.0,0.0,0.0077114379084967325,0.013944607843137252,0.009296405228758168,0.005153594771241829,0.028407189542483655,0.028407189542483655,0.0,-0.015422875816993465,0.027889215686274504,0.027889215686274504,1.0,6.123233995736766e-17,0.0,0.0,0.0024745098039215684
2026-09-22 07:00:00,0.0,0.0,0.0,0.015422875816993465,0.028407189542483655,0.0,0.0,0.0,0.0,0.010957516339869279,0.009296405228758168,0.005153594771241829,0.028407189542483655,0.028407189542483655,0.0,0.0,0.021915032679738558,0.027889215686274504,0.9659258262890683,-0.25881904510252063,0.0,0.0,0.004170588235294118
2026-09-22 07:30:00,0.0,0.0,0.0,0.0,0.015422875816993465,0.011948366013071896,0.0,0.0037601307189542485,0.0,0.0038557189542483663,0.009296405228758168,0.005153594771241829,0.015422875816993465,0.028407189542483655,0.0,0.0,0.0077114379084967325,0.027889215686274504,0.9659258262890683,-0.25881904510252063,0.0,0.0024745098039215684,0.00038888888888888887
2026-09-22 08:00:00,0.0,0.0,0.0,0.0,0.0,0.028407189542483655,0.0,0.002304575163398693,0.0,0.0,0.007305010893246186,0.004840250544662308,0.0,0.028407189542483655,0.0,0.0,0.0,0.027889215686274504,0.8660254037844387,-0.4999999999999998,0.0,0.004170588235294118,0.0007444444444444445
2026-09-22 08:30:00,0.0,0.0,0.0,0.0,0.0,0.015422875816993465,0.011948366013071896,0.0,0.0,0.0,0.002570479302832244,0.004648202614379084,0.0,0.028407189542483655,0.0,0.0,0.0,0.027889215686274504,0.8660254037844387,-0.4999999999999998,0.0024745098039215684,0.00038888888888888887,0.009130718954248366
2026-09-22 09:00:00,0.0,0.0,0.0,0.0,0.0,0.0,0.028407189542483655,0.0,0.0,0.0,0.0,0.004648202614379084,0.0,0.028407189542483655,0.0,0.0,0.0,0.021915032679738558,0.7071067811865476,-0.7071067811865475,0.004170588235294118,0.0007444444444444445,0.11998627450980393
2026-09-22 09:30:00,0.0024745098039215684,0.0,0.0,0.0,0.0,0.0,0.015422875816993465,0.0,0.0,0.0,0.0,0.004648202614379084,0.0,0.028407189542483655,0.0024745098039215684,0.0024745098039215684,0.0,0.0077114379084967325,0.7071067811865476,-0.7071067811865475,0.00038888888888888887,0.009130718954248366,0.5513627450980393
2026-09-22 10:00:00,0.004170588235294118,0.0024745098039215684,0.0,0.0,0.0,0.0,0.0,0.0,0.0012372549019607842,0.0006186274509803921,0.00041241830065359475,0.004854411764705881,0.0024745098039215684,0.028407189542483655,0.0016960784313725494,0.004170588235294118,0.0012372549019607842,0.0012372549019607842,0.49999999999999994,-0.8660254037844387,0.0007444444444444445,0.11998627450980393,1.2092084967320262
2026-09-22 10:30:00,0.00038888888888888887,0.004170588235294118,0.0024745098039215684,0.0,0.0,0.0,0.0,0.011948366013071896,0.0033225490196078433,0.0016612745098039216,0.0011075163398692812,0.0052019607843137245,0.004170588235294118,0.028407189542483655,-0.003781699346405229,-0.0020856209150326797,0.0033225490196078433,0.0033225490196078433,0.49999999999999994,-0.8660254037844387,0.009130718954248366,0.5513627450980393,1.3379928104575163
