timestamp,valid_pixel_count,min_rainfall,max_rainfall,mean_rainfall,median_rainfall
2026-09-22 00:00,187,0.0,0.0,0.0,0.0
2026-09-22 00:30,187,0.0,0.0,0.0,0.0
2026-09-22 01:00,187,0.0,0.0,0.0,0.0
2026-09-22 01:30,187,0.0,3.9833242893218994,0.0393814742565155,0.0
2026-09-22 02:00,187,0.0,1.671159267425537,0.025361331179738045,0.0
2026-09-22 02:30,187,0.0,2.1448111534118652,0.014263981953263283,0.0
2026-09-22 03:00,187,0.0,1.214021921157837,0.013861569575965405,0.0
2026-09-22 03:30,187,0.0,1.0360510349273682,0.010245559737086296,0.0
2026-09-22 04:00,187,0.0,0.18498404324054718,0.002381774364039302,0.0
2026-09-22 04:30,187,0.0,0.8244044184684753,0.010987741872668266,0.0
2026-09-22 05:00,187,0.0,1.411940097808838,0.028272422030568123,0.0
2026-09-22 05:30,187,0.0,0.6289616823196411,0.01599765010178089,0.0
2026-09-22 06:00,187,0.0,0.0,0.0,0.0
2026-09-22 06:30,187,0.0,0.0,0.0,0.0
2026-09-22 07:00,187,0.0,0.0,0.0,0.0
2026-09-22 07:30,187,0.0,0.0,0.0,0.0
2026-09-22 08:00,187,0.0,0.0,0.0,0.0
2026-09-22 08:30,187,0.0,0.0,0.0,0.0
2026-09-22 09:00,187,0.0,0.0,0.0,0.0
2026-09-22 09:30,187,0.0,0.23439151048660278,0.003604318480938673,0.0
2026-09-22 10:00,187,0.0,0.3351527750492096,0.0062999241054058075,0.0
2026-09-22 10:30,187,0.0,0.05951608717441559,0.0005774801829829812,0.0
2026-09-22 11:00,187,0.0,0.0,0.0,0.0
2026-09-22 11:30,187,0.0,0.13004620373249054,0.0065325964242219925,0.0
2026-09-22 12:00,187,0.0,2.1093363761901855,0.11197668313980103,0.0
2026-09-22 12:30,187,0.0,3.5731542110443115,0.5164242386817932,0.08265332877635956
