event_id,original_uei,start_date,end_date,duration_days,main_cause,location,districts,state,latitude,longitude,severity,area_affected,human_fatality,human_injured,human_displaced,animal_fatality,casualty_description,damage_description,event_source,event_source_id
MUM_FL_001,UEI-IMD-FL-1969-0008,1969-09-15,1969-09-22,8.0,floods,,"Gondia, Bhandara, Jalgaon, Wardha, Buldhana, Akola, Nashik, Gadchiroli, Washim, Chandrapur, Yavatmal, Jalna, Ahmednagar, Hingoli, Nanded, Parbhani, Pune, Beed, Mumbai, Latur, Dharashiv, Solapur, Satara, Ratnagiri, Sangli, Kolhapur, Sindhudurg, Thane, Palghar, Nandurbar, Amravati, Dhule, Nagpur, Aurangabad, Raigarh, Mumbai Suburban, Adilabad, Hyderabad, Jagitial, Jangoan, Mulugu, Jogulamba Gadwal, Kamareddy, Karimnagar, Khammam, Kumuram Bheem Asifabad, Mahabubabad, Mahabubnagar, Mancherial, Medak, Medchal Malkajgiri, Nagarkurnool, Nalgonda, Nirmal, Nizamabad, Peddapalli, Rajanna Sircilla, Ranga Reddy, Sangareddy, Siddipet, Suryapet, Vikarabad, Wanaparthy, Warangal, Warangal, Warangal, Warangal, Warangal, Warangal, Warangal, Warangal, Yadadri Yadadri Bhuvanagiri Yadadri Bhuvanagiri, Bhadradri Bhadradri Kothagudem Bhadradri Kothagudem, Jayashankar Bhupalapally, Narayanpet","Maharashtra, Telangana",,,,,,,,,,,IMD,
MUM_FL_002,UEI-IMD-FL-1971-0011,1971-09-22,1971-09-28,7.0,floods,,"Pashchim Champaran, Purbi Champaran, Sitamarhi, Sheohar, Gopalganj, Samastipur, Katihar, Khagaria, Bhojpur, Buxar, Darbhanga, Saharsa, Kaimur (Bhabua), Rohtas, Jamui, Banka, Nawada, Gaya, Munger, Vaishali, Begusarai, Bhagalpur, Lakhisarai, Sheikhpura, Arwal, Jehanabad, Nalanda, Patna, Saran, Siwan, Muzaffarpur, Madhepura, Araria, Supaul, Madhubani, Purnia, Kishanganj, Aurangabad, Gondia, Bhandara, Jalgaon, Wardha, Buldhana, Akola, Nashik, Gadchiroli, Washim, Chandrapur, Yavatmal, Jalna, Ahmednagar, Hingoli, Nanded, Parbhani, Pune, Beed, Mumbai, Latur, Dharashiv, Solapur, Satara, Ratnagiri, Sangli, Kolhapur, Sindhudurg, Thane, Palghar, Nandurbar, Amravati, Dhule, Nagpur, Aurangabad, Raigarh, Mumbai Suburban","Bihar, Maharashtra",,,,,,,,,,,IMD,
MUM_FL_003,UEI-IMD-FL-1973-0007,1973-07-01,1973-07-14,14.0,heavy rains,,"Churu, Jhunjhunu, Jaisalmer, Sikar, Alwar, Jaipur, Jodhpur, Bharatpur, Nagaur, Dausa, Karauli, Dholpur, Barmer, Sawai Madhopur, Tonk, Pali, Bhilwara, Jalore, Bundi, Kota, Sirohi, Baran, Udaipur, Jhalawar, Dungarpur, Banswara, Ajmer, Rajsamand, Chittorgarh, Ganganagar, Hanumangarh, Bikaner, Pratapgarh, Pashchim Champaran, Purbi Champaran, Sitamarhi, Sheohar, Gopalganj, Samastipur, Katihar, Khagaria, Bhojpur, Buxar, Darbhanga, Saharsa, Kaimur (Bhabua), Rohtas, Jamui, Banka, Nawada, Gaya, Munger, Vaishali, Begusarai, Bhagalpur, Lakhisarai, Sheikhpura, Arwal, Jehanabad, Nalanda, Patna, Saran, Siwan, Muzaffarpur, Madhepura, Araria, Supaul, Madhubani, Purnia, Kishanganj, Aurangabad, Burhanpur, Morena, Bhind, Gwalior, Sheopur, Shivpuri, Tikamgarh, Neemuch, Rewa, Satna, Guna, Ashoknagar, Mandsaur, Singrauli, Sidhi, Sagar, Damoh, Shajapur, Vidisha, Rajgarh, Shahdol, Katni, Umaria, Ratlam, Bhopal, Ujjain, Raisen, Sehore, Jabalpur, Dewas, Anuppur, Jhabua, Dindori, Narsimhapur, Dhar, Indore, Mandla, Narmadapuram, Seoni, Alirajpur, Chhindwara, Harda, Khargone (Khargone (West Nimar)), East Nimar, Balaghat, Barwani, Agar-Malwa, Datia, Chhatarpur, Panna, Betul, Niwari, Valsad, Amreli, Dangs, Banas Kantha, Patan, Mahesana, Gandhinagar, Ahmedabad, Panch Mahals, Dahod, Vadodara, Bharuch, Porbandar, Narmada, Surat, Tapi, Arvalli, Botad, Chota Udaipur, Mahisagar, Gir Somnath, Sabar Kantha, Kachchh, Surendranagar, Rajkot, Kheda, Anand, Bhavnagar, Junagadh, Jamnagar, Devbhumi Dwarka Dwarka, Morbi, Navsari, Gondia, Bhandara, Jalgaon, Wardha, Buldhana, Akola, Nashik, Gadchiroli, Washim, Chandrapur, Yavatmal, Jalna, Ahmednagar, Hingoli, Nanded, Parbhani, Pune, Beed, Mumbai, Latur, Dharashiv, Solapur, Satara, Ratnagiri, Sangli, Kolhapur, Sindhudurg, Thane, Palghar, Nandurbar, Amravati, Dhule, Nagpur, Aurangabad, Raigarh, Mumbai Suburban, Amroha, Hapur, Bareilly, Pilibhit, Bulandshahr, Gautam Buddha Nagar, Kheri, Budaun, Bahraich, Shahjahanpur, Aligarh, Kasganj, Mathura, SShrawasti, Sitapur, Hathras, Etah, Hardoi, Farrukhabad, Firozabad, Siddharthnagar, Mainpuri, Mahrajganj, Agra, Gonda, Bara Banki, Kushinagar, Kannauj, Lucknow, Basti, Gorakhpur, Sant Kabir Nagar, Unnao, Etawah, Kanpur nagar Nagar, Auraiya, Ayodhya, Kanpur nagar Dehat, Deoria, Sultanpur, Ambedkar Nagar, Rae Bareli, Jalaun, Azamgarh, Mau, Fatehpur, Ballia, Jaunpur, Jhansi, Banda, Ghazipurr, Kaushambi, Prayagraj, Varanasi, Chitrakoot, Chandauli, Bhadohi, Mirzapur, Lalitpur, Sonbhadra, Amethi, Ghaziabad, Sambhal, Mahoba, Saharanpur, Bijnor, Muzaffarnagar, Baghpat, Meerut, Moradabad, Rampur, Shamli, Balrampur, Hamirpur, Pratapgarh","Rajasthan, Bihar, Madhya Pradesh, Gujarat, Maharashtra, Uttar Pradesh",,,,,90.0,,,,90 persons were reported washed away,"Caused damage in life,property. Crops worth several crores of rupees were damaged or destroyed",IMD,
MUM_FL_004,UEI-IMD-FL-1974-0003,1974-07-01,1974-08-07,38.0,heavy rains,,Mumbai (Colaba),Maharashtra,,,,,50.0,,,,50 lifes were lost,"Recorded,exceptionally heavy rainfall of 58cm in Twenty Four hours on 5th July, which was the highest on record. Low level areas in Mumbai were heavily flooded,city life was completely paralysed. Damage to Railway,public property was estimated at Rs. 6 crores.",IMD,
MUM_FL_005,UEI-IMD-FL-1975-0018,1975-06-20,1975-09-06,79.0,heavy rains,,Mumbai,Maharashtra,,,,,,,,,,"Flooded many low lying areas. Road traffic,telecommunicaton network were seriously affected. A number of lives were lost due to house collapses",IMD,
MUM_FL_006,UEI-IMD-FL-1978-0042,1978-06-08,1978-06-14,7.0,"moderate to severe, moderate",,"Beed, Mumbai",Maharashtra,,,,,9.0,6.0,,,"9 people died,injured to 6 persons , Floods between Kurla,V.T. disrupted road/rail traffic,telecommunications",Torrential rains,IMD,
MUM_FL_007,UEI-IMD-FL-1978-0044,1978-07-08,1978-07-14,7.0,moderate,,Mumbai,Maharashtra,,,,,1.0,,,,1 child killed in a landslide,Road traffic dislocated,IMD,
MUM_FL_008,UEI-IMD-FL-1979-0033,1979-06-24,1979-06-24,1.0,flash floods,,Mumbai,Maharashtra,,,,,2.0,,,,2 children died in house collapse,i)Several areas flooded ii)train services/telephone ervices/road transportation disrupted,IMD,
MUM_FL_009,UEI-IMD-FL-1980-0031,1980-06-15,1980-06-15,1.0,heavy rains,,Mumbai,Maharashtra,,,,,1.0,2.0,,,"1 girl died,2 persons injured in wall collapse","i)City life paralysed ii)Rail tracks,low lying areas flooded iii)Transport services disrupted iv)Telephone services went away",IMD,
MUM_FL_010,UEI-IMD-FL-1980-0032,1980-07-01,1980-07-07,7.0,heavy rains,,Mumbai,Maharashtra,,,,,2.0,5.0,,,"2 persons died,5 injured in houses collapse","i)Low lying areas flooded ii)Vehicular traffic disrupted iii)Rail track on the Ambernath, Badlapur, section washed away iv)A fishing trawler sank in rough seas narrowly escaped from death",IMD,
MUM_FL_011,UEI-IMD-FL-1980-0033,1980-08-04,1980-08-04,1.0,heavy rains,,Mumbai,Maharashtra,,,,,1.0,,,1.0,"1 woman,and a cow died on the spot due to electrocution",i)Low lying areas flooded ii)Rail tracks submerged dislocating train services iii)Vehicular traffic came to a standstill iv)Loading/unloading operations in the docks suspended,IMD,
MUM_FL_012,UEI-IMD-FL-1980-0034,1980-08-21,1980-08-22,2.0,heavy rains,,Mumbai,Maharashtra,,,,,45.0,,,,45 persons lost their lives due to drowning/house collapse/electrocution,"i)The tiny streams of Dahisar,Paoisor inundated surrounding residential areas,many slums flooded ii)600 people rescued from trees/roof tops by fire-brigade iii)Suburbanan train services suspended iv)300 huts washed away",IMD,
MUM_FL_013,UEI-IMD-FL-1981-0046,1981-06-22,1981-06-28,7.0,heavy rains,,Mumbai,Maharashtra,,,,,,,,,,(i)City transport system thrown out of gear (ii)Telephone sysrtem disrupted (iii)Sub urban rail services disrupted ,IMD,
MUM_FL_014,UEI-IMD-FL-1981-0053,1981-08-22,1981-08-28,7.0,heavy rains,,Mumbai,Maharashtra,,,,,12.0,,,,12 persons died,7 building collapsed,IMD,
MUM_FL_015,UEI-IMD-FL-1981-0057,1981-09-15,1981-09-21,7.0,heavy rains,,Mumbai,Maharashtra,,,,,20.0,,,,20 persons feared dead in house collapse/landslip,"(i)Rail tracks,low lying areas remained submerged (ii)Many hutments colonies /Slum dwellers badly hit (iii)7 buildings collapsed (iv)Hundreds of residents of a new housing colony worst suffered",IMD,
MUM_FL_016,UEI-IMD-FL-1983-0060,1983-06-24,1983-06-24,1.0,heavy rains,,Mumbai,Maharashtra,,,,,,3.0,,,3 persons injured when a compound wall of a house collapsed ,"(i)Commercial life of the city, came to a  standstill, as the flood water submeerged low lying areas,hutment colonies (ii)Vehicular,railway traffic disrupted",IMD,
MUM_FL_017,UEI-IMD-FL-1984-0057,1984-06-15,1984-06-15,1.0,heavy rains,,Mumbai,Maharashtra,,,,,,,,,,i)Low lying areas flooded ii)Vehicular traffic disrupted iii)Airflights delayed or diverted to Delhi,IMD,
MUM_FL_018,UEI-IMD-FL-1984-0058,1984-06-30,1984-07-02,3.0,"heavy rains, moderate, severe",,"Amravati, Mumbai, Kolhapur, Mumbai, Mumbai Suburban, Raigad, Ratnagiri, Sindhudurg, Thane, Palghar, Nashik",Maharashtra,,,,,13.0,,,,"A Twenty Four year old woman,11 year old girl washed away while crossing nullah at Sukali village, 8 km from Amravati, 1 person electrucated at Sion, 3 persons swept away in Shirol,Ajara talukas, 5 persons died, 2 persons died in a wall collapse at Mahasrul village","i)Low lying areas in the city remained submerged under water for two days , ii)Century's second highest rainfall 54.0 cm in a day recorded by Colaba observatory on 2nd July iii)All low lying areas on both sides of railway lines,a large number of roads submerged under water disrupting railway,vehicular traffic iv)Telecommunication system disrupted v)All principal markets closed vi)Vehicular traffic on Ichalkaranji - Nipani, Kolhapur - Sadoli Khalsa,Gadhinglaj - Nesari, routes,suspended vii)Area under Sangameshwar, Chiplun,Rajapur Police Stations inundated. Sangameshwar market submerged under water viii)Kubadwadi villages encircled by water ix)Heavy damage to crops reported x)Vehicular traffic on Gargoti-Ratnagiri,Gargoti-Chandgad suspended as the connecting roads badly damaged xi)Mumbai-Goa National Highway blocked for 3 dyas due to landslide near Dhamani xii)Vehicular traffic on Poladpurmasla road suspended due to breaches at three places xiii)State Transportation bus service patially or totally suspended",IMD,
MUM_FL_019,UEI-IMD-FL-1984-0060,1984-07-03,1984-07-04,2.0,heavy rains,,Mumbai,Maharashtra,,,,,6.0,,,,"6 slum-dwellers died,many other injured when,overhead H.T. cable fell on their huts at Antop hill in north Mumbai on 3rd","i)All low lying areas inundated ii)Long distance train from Mumbai ran indefinitely late,some trains cancelled. Thousands of passengers stranded iii)9000 telephones reported dead due to 36 cable faults",IMD,
MUM_FL_020,UEI-IMD-FL-1984-0062,1984-07-17,1984-07-18,2.0,heavy rains,,Mumbai,Maharashtra,,,,,11.0,,,,11 fishermen reported missing feared to be drowned,"i)2 fishing trawlers 'Almadani','Wageshwari' capsized across Mumbai harbour ii)Several low lying areas flooded iii)Vehicular traffic disrupted",IMD,
MUM_FL_021,UEI-IMD-FL-1984-0063,1984-07-17,1984-07-19,3.0,severe,,"Mumbai, Mumbai Suburban, Raigad, Ratnagiri, Sindhudurg, Thane, Palghar",Maharashtra,,,,,312.0,,,,"i)12 persons swept away in flood water ii)300 people,a large number of cattle reported missing","i)2 fishing vessels capsized off Raigarh coast ii)Sassoon dock in Colaba remained chocked with about 500 trawlers iii)Mumbai - Goa National Highway closed for traffic due to landslide near Nadgao, 6 km from Mahad",IMD,
MUM_FL_022,UEI-IMD-FL-1984-0071,1984-09-12,1984-09-12,1.0,heavy rains,,Mumbai,Maharashtra,,,,,,1.0,,,1 person injured,i)Several low lying areas flooded ii)50 drams containing chemicals cought fire at Haji Bunder iii)Several cases of Short-circuits reported,IMD,
MUM_FL_023,UEI-IMD-FL-1985-0042,1985-06-11,1985-06-11,1.0,heavy rains,,Mumbai,Maharashtra,,,,,,,,,,"i)City life completely paralysed ii)Rail,road communication completely disrupted iii)Low lying areas submerged",IMD,
MUM_FL_024,UEI-IMD-FL-1985-0044,1985-06-16,1985-06-16,1.0,"heavy rains, flash flood",,"Mumbai, Jalgaon, Ratnagiri, Thane",Maharashtra,,,,,9.0,17.0,,,"5 persons (including 2 children) died,8 other injured in a house collapse, 4 women (including a minor girl) died,3 men injured at Phokari,Morgaon villages, 6 people injured in a wall collapse at Gautamnagar colony","i)Normal life completely paralysed ii)Suburbanan transport service disrupted iii)Loading/unloading operations at the port affected iv)Domestic/International flights delayed v)Fire brigade attended 30 calls of electric short-circuit , i)Low lyong areas of Sangameshwar,Dapoli, Chiplun,Khed submerged under flood water ii)Road communication between Ratnagiri,other parts of the state completely suspended",IMD,
MUM_FL_025,UEI-IMD-FL-1985-0045,1985-06-25,1985-06-25,1.0,heavy rains,,Mumbai,Maharashtra,,,,,24.0,33.0,,,"24 people died,33 injured in separate wall collapse incidents at Tardeo,Byculla","i)41.4 cm of rainfall recorded at Colaba observatory during Twenty Four hours period ending 1730 hrs of 25th June ii)Road traffic disrupted due to flooding Konkan bound State Transportation Service from Mumbai suspended iii)Thousands of people affected iv)Long distance outgoing trains on the Western Railway cancelled, while incoming trains terminated outside the city at various points v)Suburbanan train services on Western,Central railways completely paralysed",IMD,
MUM_FL_026,UEI-IMD-FL-1986-0056,1986-06-28,1986-06-28,1.0,heavy rains,,"Mumbai,Thane",Maharashtra,,,,,4.0,,,,4 people died,,IMD,
MUM_FL_027,UEI-IMD-FL-1986-0061,1986-08-07,1986-08-07,1.0,"heavy rains, severe",,"Mumbai, Ratnagiri, Sindhudurg,Thane",Maharashtra,,,,,2.0,,,,2 persons died,"i)Railway service along central railway (main,harbour lines) totally disrupted ii)Railway track between Kurla-Vidyavihar, Bhandup-Kanjurmarg,Chunabhatti-Kurla stations submerged under knee-drop water iii)Fire brigade attended 5 minor landslide incidents iv)All south-bound long distance trains cancelled due tolandslides in Khandala ghat ssection v)Bus services from Mumbai ran 2-3 hours late vi)IA flights from Mumbai delayed , All the rivers flowing through these districts in spate , disrupting road traffic , In Thane city, more than 250 huts washed away rendering many people homeless i)Firemen rescued 250 persons from Shrirang Society Housing Complex ii)Low lying areas flooded with Chest-deep water iii)Property worth Rs. 18.72 lakhs damaged",IMD,
MUM_FL_028,UEI-IMD-FL-1988-0053,1988-06-14,1988-06-14,1.0,heavy rains,,"Mumbai, Nashik",Maharashtra,,,,,2.0,9.0,,,"1 person died when a portion of a small hillock collapsed, One person died,9 other injured",,IMD,
MUM_FL_029,UEI-IMD-FL-1988-0054,1988-06-15,1988-06-15,1.0,heavy rains,,Mumbai,Maharashtra,,,,,,,,,,"i)160 local trains cancelled ii)Railway tracks at Mumbai central, Musjid, Grand Road,Mahalaxmi flooded",IMD,
MUM_FL_030,UEI-IMD-FL-1988-0058,1988-07-16,1988-07-16,1.0,heavy rains,,"Mumbai,Thane",Maharashtra,,,,,1.0,10.0,,,"i)1 girl died,5 other injured when  a portion of a compound wall collapsed at Ghatkopar ii)4 persons, 2 each at Bandra,Mumbai central injured in hut collapse , 1 person drowned in flooded Nala at Ulhasnagar area ","i)Normal city life completely disrupted ii)119 local trains cancelled iii)Movement of the incoming long distance trains badly affected iv)Vehicular traffic badly affected , i)Bail Bazar,Shivaji Chowk area of Kalyan town innundated by flood water ii)Hundreds of families of hutmens dwellers shifted to safer places iii)Vehicular traffic on Thane-Belapur road suspended",IMD,
MUM_FL_031,UEI-IMD-FL-1988-0062,1988-07-23,1988-07-23,1.0,heavy rains,,Mumbai,Maharashtra,,,,,8.0,,,,8 persons died when a portion of a hillock slipped on the hutments at Ghatkopar,,IMD,
MUM_FL_032,UEI-IMD-FL-1988-0073,1988-09-22,1988-09-22,1.0,heavy rains,,Mumbai,Maharashtra,,,,,1.0,,,,1 fisherman died when the boat capsized off the coast,,IMD,
MUM_FL_033,UEI-IMD-FL-1988-0075,1988-09-28,1988-09-28,1.0,heavy rains,,"Mumbai, Buldhana",Maharashtra,,,,,2.0,,,,"1 women,her one year old son crushed to death in a landslide at Utkarshnagar colony, Bhandup (east)","i)City life completely paralysed ii)On central railway, local,through train services completely disrupted due to flooding of tracks between Byculla,V.T. iii)Loading,unloading of the dock-yard suspended iv)Fire bridge attended 132 calls , Property worth Rs. 1.60 crore damaged",IMD,
MUM_FL_034,UEI-IMD-FL-1988-0077,1988-10-03,1988-10-03,1.0,heavy rains,,"Ahmednagar, Mumbai",Maharashtra,,,,,12.0,18.0,,,"12 persons killed,18 other injured in a compound wall collapse","i)70 bunds washed away in Sangamner taluka ii)Paddy crop suffered heavy loss , i)City life completely paralysed ii)19 hutmens damaged iii)Road, railway,air traffic completely disrupted",IMD,
MUM_FL_035,UEI-IMD-FL-1989-0039,1989-07-23,1989-07-25,3.0,severe,,"Aurangabad, Beed, Mumbai, Jalna, Kolhapur, Nanded, Dharashiv, Parbhani, Pune, Raigarh, Ratnagiri,Sangli",Maharashtra,,,,,917.0,,,14000.0,"i)917 people died ii)14,000 cattleheads perished","i)1.1 lakh houses eitherfully or partially damaged ii)2 lakh families rendered homeless iii)50 villages in Bid, Nanded,Raigarh marooned iv)Damage to building,road,power stations estimated to be worth rs. 91 crores v)In Raigarh district, entire hutmen colony on the bank of Patalganga river completely wiped out. 72cms. of rain in Twenty Four hours period reported vi)In Mumbai, local train services as well as long distance trains cancelled. Mumbai recorded highest rainfall since 1984 vii)In Beed district, Beed town razed to ground. viii)In Pune district, Bhaje village completely wiped out due to landslide. Pune-Mumbai train services suspended.",IMD,
MUM_FL_036,UEI-IMD-FL-1990-0038,1990-06-15,1990-06-16,2.0,heavy rains,,"Mumbai,Thane",Maharashtra,,,,,22.0,,,,22 persons died,"i)Highest rainfall recorded in the last 104 year ii)Normal life completely paralysed iii)Shops, educational institutions, main market, business,commercial establishment remained close iv)Local train services completely disrupted v)Power services broke down",IMD,
MUM_FL_037,UEI-IMD-FL-1990-0039,1990-06-16,1990-06-17,2.0,heavy rains,,"Mumbai,Nanded",Maharashtra,,,,,7.0,2.0,,,7 persons including 2 children died,,IMD,
MUM_FL_038,UEI-IMD-FL-1990-0040,1990-06-17,1990-06-17,1.0,heavy rains,,"Mumbai,Thane",Maharashtra,,,,,21.0,,,,"8 persons drowned,6 other electrocuted in Mumbai while 7 other died in Thane",,IMD,
MUM_FL_039,UEI-IMD-FL-1990-0041,1990-06-26,1990-06-27,2.0,heavy rains,,Mumbai,Maharashtra,,,,,10.0,53.0,,3.0,"i)10 persons died,53 other injured in a building collapse at Pydonie ii)3 cattleheads perished","i)Normal life completely paralysed ii)A section of a Military Barrack,two compound walls at Walkeswara,Jogeswari collpased iii)Vehicular traffic disrupted",IMD,
MUM_FL_040,UEI-IMD-FL-1990-0043,1990-08-15,1990-08-15,1.0,heavy rains,,Mumbai,Maharashtra,,,,,2.0,,,,2 women died due to landslide at east Kurla,,IMD,
MUM_FL_041,UEI-IMD-FL-1990-0045,1990-08-17,1990-08-17,1.0,heavy rains,,"Mumbai, Wardha",Maharashtra,,,,,8.0,9.0,,,"6 perosns died,9 other injured in a house collapse , 1 person drowned,another missing when a track washed away at Hinganghat",,IMD,
MUM_FL_042,UEI-IMD-FL-1990-0050,1990-08-21,1990-08-21,1.0,heavy rains,,Mumbai,Maharashtra,,,,,10.0,4.0,,,"10 persons died,4 other injured when a compound wall collapsed at Sion",,IMD,
MUM_FL_043,UEI-IMD-FL-1990-0053,1990-09-24,1990-09-24,1.0,heavy rains,,Mumbai,Maharashtra,,,,,,,,,,"i)Normal life completely paralysed ii)Local train services suspended iii)City Stock Exchange,oil seed market remained close iv)Power supply disrupted at many parts of the city v)Indian Airline flights delayed",IMD,
MUM_FL_044,UEI-IMD-FL-1991-0058,1991-06-07,1991-06-10,4.0,heavy rains,,"Mumbai,Thane",Maharashtra,,,,,74.0,100.0,,2550.0,"i)74 persons died,100 other injured ii)2,500 cattleheads perished","i)City life completely paralysed ii)66 trees uprooted iii)Train services for suburban,long distance disrupted both on central,western railway iv)Electric supply switched off in several areas due to short circuit v)Mumbai International Airport closed for 16 hours on 9th",IMD,
MUM_FL_045,UEI-IMD-FL-1991-0062,1991-07-13,1991-07-13,1.0,heavy rains,,"Mumbai, Buldhana, Nagpur",Maharashtra,,,,,5.0,,,,"4 women died at Mokodi village in Malkapur tehsil , A child washed away at Nanabhau Peth",All the huts in low lying areas submerged under water,IMD,
MUM_FL_046,UEI-IMD-FL-1991-0063,1991-07-16,1991-07-17,2.0,heavy rains,,Mumbai,Maharashtra,,,,,,,,,,i)Hutmen's dweller worst affected ii)Entire eastern portion of a five storeyed vacant building in Kohinoor mill compound collapsed iii)14 trains on Western railway cancelled,IMD,
MUM_FL_047,UEI-IMD-FL-1991-0066,1991-07-27,1991-07-27,1.0,heavy rains,,Mumbai,Maharashtra,,,,,4.0,,,,4 fishermen drowned when a trawler capsized,"i)7,000 people given a temporary accommodation at municipal primary school,1,200 slum dwellers shifted to safer places ii)Suburbanan,long distance train services on western,central railway disrupted",IMD,
MUM_FL_048,UEI-IMD-FL-1992-0038,1992-07-18,1992-07-19,2.0,heavy rains,,Mumbai,Maharashtra,,,,,7.0,,,,7 persons died due to house collapse,"i)Low lying areas flooded ii)Suburbanan train services both on western,central railway disrupted",IMD,
MUM_FL_049,UEI-IMD-FL-1992-0039,1992-07-22,1992-07-28,7.0,heavy rains,,Mumbai,Maharashtra,,,,,9.0,,,,9 persons died,,IMD,
MUM_FL_050,UEI-IMD-FL-1992-0040,1992-08-04,1992-08-04,1.0,heavy rains,,Mumbai,Maharashtra,,,,,2.0,,,,2 persons injured,i)Normal life completely paralysed ii)Low lying areas flooded iii)Suburbanan train services delayed,IMD,
MUM_FL_051,UEI-IMD-FL-1992-0041,1992-08-12,1992-08-12,1.0,heavy rains,,Mumbai,Maharashtra,,,,,,,,,,"i)Low lying areas flooded ii)120 trains on mainline,60 on harbour cancelled due to flooding of tracks,signal failures iii)Electric supply snapped at many places",IMD,
MUM_FL_052,UEI-IMD-FL-1992-0044,1992-08-16,1992-08-16,1.0,heavy rains,,Mumbai,Maharashtra,,,,,3.0,,,,3 persons of a family including a girl drowned at Aksa bridge near Malad,,IMD,
MUM_FL_053,UEI-IMD-FL-1992-0047,1992-09-02,1992-09-02,1.0,heavy rains,,"Akola, Mumbai, Yavatmal",Maharashtra,,,,,2.0,2.0,,,"2 persons died,2 other injured , Several animals swept away in Pusad",i)Normal life paralysed ii)Low lying areas flooded iii)Local train on central railway were running behind schedule,IMD,
MUM_FL_054,UEI-IMD-FL-1993-0041,1993-06-18,1993-06-18,1.0,heavy rains,,Mumbai,Maharashtra,,,,,3.0,6.0,,,"3 persons died,6 others injured when a cluster of butments crashed at Mabakali Nagar in Worli Koliwada.",,IMD,
MUM_FL_055,UEI-IMD-FL-1993-0044,1993-07-13,1993-07-15,3.0,heavy rains,,Mumbai,Maharashtra,,,,,,1.0,,,A 12-year old boy injured due to wall collapse at Bhandup.,(1) Normal life paralysed. (ii) Low lying areas flooded.,IMD,
MUM_FL_056,UEI-IMD-FL-1993-0051,1993-09-22,1993-09-23,2.0,heavy rains,,Mumbai,Maharashtra,,,,,,,,,"35 persons died,50 others injured in a landslide at Sakinaka.",,IMD,
MUM_FL_057,UEI-IMD-FL-1993-0052,1993-09-27,1993-09-27,1.0,heavy rains,,Mumbai,Maharashtra,,,,,,4.0,,,4 persons including a 12-year girl injured at Antop Hill.,,IMD,
MUM_FL_058,UEI-IMD-FL-1993-0054,1993-10-18,1993-10-18,1.0,heavy rains,,"Mumbai, Buldhana, Dharashiv ",Maharashtra,,,,,23.0,,,,2 persons died at Vashi. 4 persons died at Dewulgaonraj village.  17 persons feared killed when a truck plunged into Ullappa river at Parananda village. ,,IMD,
MUM_FL_059,UEI-IMD-FL-1994-0065,1994-06-27,1994-06-27,1.0,heavy rains,,Mumbai,Maharashtra,,,,,,20.0,,,20 people injured in a landslide at salpha village in Ghatkopar,"i)On central railway 68 trains running on main line,48 running on harbour line cancelled ii)BEST buses diverted their routes due to waterlogging",IMD,
MUM_FL_060,UEI-IMD-FL-1994-0070,1994-07-11,1994-07-12,2.0,heavy rains,,Mumbai,Maharashtra,,,,,,,,,,i)Large number of trees uprooted ii)Several incidents of short-circuits reported iii)30 trains on western railway cancelled due to flooding of the railway tracks,IMD,
MUM_FL_061,UEI-IMD-FL-1994-0073,1994-07-12,1994-07-12,1.0,heavy rains,,Mumbai,Maharashtra,,,,,2.0,5.0,,,"2 persons died,5 other injured due to falling of trees",15 trees uprooted,IMD,
MUM_FL_062,UEI-IMD-FL-1994-0074,1994-07-13,1994-07-13,1.0,heavy rains,,"Mumbai, Pune",Maharashtra,,,,,51.0,8.0,,,"i)1 persons died at Sakinaka due to wall collapase ii)5 persons injured at Chembur due to landslide iii)3 persons injured at Nalasopara when a boulder fell on a house , 50 persons feared buried in a landslide near Bhimashankar in Ambegaon tehsil",i)20 huts ituated to the east of Dimbe dam swept away ii)Machinery worth Rs. 10 lakhs installed at the dam site damaged iii)Road link between several small villages snapped,IMD,
MUM_FL_063,UEI-IMD-FL-1994-0075,1994-07-14,1994-07-14,1.0,heavy rains,,Mumbai,Maharashtra,,,,,2.0,5.0,,,"i)2 persons died,2 other injured at Kurla when a portion of a 70-year old building collapsed ii)3 persons injured at Navynagar due to wall collapsed",,IMD,
MUM_FL_064,UEI-IMD-FL-1994-0076,1994-07-18,1994-07-18,1.0,heavy rains,,Mumbai,Maharashtra,,,,,,,,,,"Suburbanan,long distance train services on central,western railways disrupted",IMD,
MUM_FL_065,UEI-IMD-FL-1994-0081,1994-08-29,1994-08-31,3.0,heavy rains,,Mumbai,Maharashtra,,,,,4.0,,,,4 persons died,Suburbanan rail service completely disrupted,IMD,
MUM_FL_066,UEI-IMD-FL-1994-0083,1994-08-31,1994-08-31,1.0,heavy rains,,Mumbai,Maharashtra,,,,,2.0,8.0,,,"2 persons died,8 other injured at Vikroli when a 20 feet wall collapsed,fell over 4 huts",,IMD,
MUM_FL_067,UEI-IMD-FL-1994-0086,1994-09-03,1994-09-03,1.0,heavy rains,,"Mumbai, Thane",Maharashtra,,,,,10.0,,,,"8 persons died in different wall/house collapse incidents, 2 persons died",,IMD,
MUM_FL_068,UEI-IMD-FL-1995-0068,1995-08-01,1995-08-01,1.0,heavy rains,,Mumbai,Maharashtra,,,,,2.0,1.0,,,2 persons including 1 woman injured,i)Low lying areas submerged ii)Vehicular traffic completely disrupted iii)Local train services completely disrupted due to flooding of rilway tracks iv)Several long distance trains terminated at Karjat,IMD,
MUM_FL_069,UEI-IMD-FL-1995-0071,1995-09-01,1995-09-02,2.0,heavy rains,,"Mumbai,Thane",Maharashtra,,,,,5.0,,,,5 persons including 2 children drowned,"i)Low lying areas flooded ii)Normal life paralysed iii)Local train services disrupted iv)Long distance trains delayed v)The basement of General Post Office C.S. Terminus flood,500 bundles of mail destroyed vi)Mumbai-Pune Express train/Air line services delayed",IMD,
MUM_FL_070,UEI-IMD-FL-1996-0071,1996-06-17,1996-06-17,1.0,heavy rains,,Mumbai,Maharashtra,,,,,,,,,,A portion of a building collpased in South Mumbai,IMD,
MUM_FL_071,UEI-IMD-FL-1996-0072,1996-06-18,1996-06-19,2.0,heavy rains,,"Kolhapur, Mumbai, Thane, Pune",Maharashtra,,,,,6.0,9.0,,,i)6 fishermen reported missing when a trawler capsized in high sea ii)9 persons injured due to wall collapsed in Dahisar,"i)Normal life completely paralysed ii)Vehicular traffic on Pune-Bengaluru Rural national highway disrupted , i)Normal life paralysed ii)Low lying areas flooded iii)Several houses collapsed iv)Several trees/electric poles uprooted disrupted vehicular/electric supply/railway services v)32 trees uprooted in Kalyan town vi)Large number of land slides reported in different parts of the city",IMD,
MUM_FL_072,UEI-IMD-FL-1996-0074,1996-07-02,1996-07-02,1.0,heavy rains,,Mumbai,Maharashtra,,,,,,,,,,"Overhead equipments of trains damaged,the tracks submerged under 8 inches of water",IMD,
MUM_FL_073,UEI-IMD-FL-1996-0075,1996-07-11,1996-07-11,1.0,heavy rains,,Mumbai,Maharashtra,,,,,1.0,11.0,,,"1 child died,11 other injured in Dharavi area",,IMD,
MUM_FL_074,UEI-IMD-FL-1996-0076,1996-07-15,1996-07-21,7.0,heavy rains,,"Mumbai, Thane",Maharashtra,,,,,16.0,6.0,,,"i)15 persons died,6 other injured ii)1 child died due to wall collapse in Borivali","i)Normal life completely paralysed ii)10 houses damaged in Thane iii)Suburbanan railway services completely disrupted iv)One multi storeyed building collapsed,several houses in Mumbai damaged v)3,000 people shifted to safer places in Ulhasnagar vi)Low lying areas flooded vii)Public transport completely disrupted",IMD,
MUM_FL_075,UEI-IMD-FL-1996-0077,1996-08-25,1996-08-25,1.0,heavy rains,,Mumbai,Maharashtra,,,,,,,,,,i)Railway train schedule collapsed ii)Vehicular traffic blocked,IMD,
MUM_FL_076,UEI-IMD-FL-1996-0082,1996-09-26,1996-10-05,10.0,heavy rains,,"Gondia, Bhandara, Jalgaon, Wardha, Buldhana, Akola, Nashik, Gadchiroli, Washim, Chandrapur, Yavatmal, Jalna, Ahmednagar, Hingoli, Nanded, Parbhani, Pune, Beed, Mumbai, Latur, Dharashiv, Solapur, Satara, Ratnagiri, Sangli, Kolhapur, Sindhudurg, Thane, Palghar, Nandurbar, Amravati, Dhule, Nagpur, Aurangabad, Raigarh, Mumbai Suburban",Maharashtra,,,,,34.0,,,2003.0,"i)26 persons died,8 other missing ii)3 cattleheads,2000 birds perished","i)13 district affected ii)2,021 houses damaged. Loss estimated to worth Rs. 47,46,000/- iii)12 cowsheds worth Rs. 34,000/- damaged iv)Property worth Rs. 1,18,00,000/- in 30 taluks of 13 districts damaged v)Crops in 170 hectares of land destroyed while 116 hectares of agriculture land inundated. Loss estimated to worth Rs. 44,19,000/-",IMD,
MUM_FL_077,UEI-IMD-FL-1997-0059,1997-06-18,1997-06-23,6.0,heavy rains,,"Mumbai, Mumbai Suburban,Thane",Maharashtra,,,,,16.0,24.0,,,"16 persons died,24 injured at different places due to landslide/uprooting of trees/blown off roof-tops of houses",i)150 houses badly damaged ii)Telephone services disrupted,IMD,
MUM_FL_078,UEI-IMD-FL-1997-0060,1997-06-21,1997-06-21,1.0,heavy rains,,Mumbai Suburban,Maharashtra,,,,,1.0,6.0,,,"1 person died,6 other injured due to landslide at Ghatkopar",,IMD,
MUM_FL_079,UEI-IMD-FL-1997-0061,1997-06-29,1997-06-29,1.0,heavy rains,,"Mumbai, Pune",Maharashtra,,,,,1.0,8.0,,,"1 persosn died,8 other injured due to building collapse","15 poles uprooted wires snapped off, disrupting telephone services in Purandar, Neera, Walhe, Vir,Parinche areas",IMD,
MUM_FL_080,UEI-IMD-FL-1997-0062,1997-07-05,1997-07-07,3.0,heavy rains,,"Mumbai, Mumbai Suburban, Raigarh, Ratnagiri, Sindhudurg,Thane",Maharashtra,,,,,1.0,1.0,,,"i)1 person died,1 injured at Worli ii)A few passengers-b injured when a building near Metro cinema collapsed",i)Normal life disrupted ii)Railway communication disrupted iii)Waterlogging at many places reported iv)Business in flower/vegetable/fruit markey affected v)3 cars crushed under a wall collpased at Worli vi)A few trees uprooted,IMD,
MUM_FL_081,UEI-IMD-FL-1997-0067,1997-08-02,1997-08-02,1.0,heavy rains,,"Mumbai, Kolhapur",Maharashtra,,,,,8.0,21.0,,,"6 persons died,21 other injured, 2 persons washed away",One building collapsed in South Mumbai,IMD,
MUM_FL_082,UEI-IMD-FL-1997-0071,1997-08-22,1997-08-24,3.0,heavy rains,,"Gondia, Bhandara, Jalgaon, Wardha, Buldhana, Akola, Nashik, Gadchiroli, Washim, Chandrapur, Yavatmal, Jalna, Ahmednagar, Hingoli, Nanded, Parbhani, Pune, Beed, Mumbai, Latur, Dharashiv, Solapur, Satara, Ratnagiri, Sangli, Kolhapur, Sindhudurg, Thane, Palghar, Nandurbar, Amravati, Dhule, Nagpur, Aurangabad, Raigarh, Mumbai Suburban",Maharashtra,,,,,40.0,,,,"i)40 persons died of which 25 from Mumbai,Thane alone ii)Dozens of people injured",i)Several thousand people rendered homeless ii)Normal life disrupted iii)Road/ Railway traffic paralysed,IMD,
MUM_FL_083,UEI-IMD-FL-1997-0087,1997-12-06,1997-12-08,3.0,heavy rains,,Mumbai,Maharashtra,,,,,,,,,,i)Train services delayed ii)Normal life affected,IMD,
MUM_FL_084,UEI-IMD-FL-1998-0071,1998-06-27,1998-06-28,2.0,heavy rains,,Mumbai,Maharashtra,,,,,5.0,,,,5 persons died,Rail/road traffic disrupted,IMD,
MUM_FL_085,UEI-IMD-FL-1998-0072,1998-07-01,1998-07-02,2.0,heavy rains,,"Buldhana, Mumbai,Thane",Maharashtra,,,,,14.0,,,,"13 persons died, 1 person died",Traffic disrupted due to waterlogging,IMD,
MUM_FL_086,UEI-IMD-FL-1998-0074,1998-07-12,1998-07-12,1.0,heavy rains,,Mumbai,Maharashtra,,,,,2.0,,,,2 persons died,"Low lying areas submerged,traffic disrupted",IMD,
MUM_FL_087,UEI-IMD-FL-1999-0058,1999-06-17,1999-06-17,1.0,heavy rains,,"Mumbai, Jalgaon",Maharashtra,,,,,2.0,5.0,,,"2 persons died, 5 persons drowned in a stream at Mohgarh","Thousand of commuters stranded at various suburbs due to water logging,local trains running behind schedule",IMD,
MUM_FL_088,UEI-IMD-FL-1999-0060,1999-06-23,1999-06-24,2.0,heavy rains,,"Gondia, Bhandara, Jalgaon, Wardha, Buldhana, Akola, Nashik, Gadchiroli, Washim, Chandrapur, Yavatmal, Jalna, Ahmednagar, Hingoli, Nanded, Parbhani, Pune, Beed, Mumbai, Latur, Dharashiv, Solapur, Satara, Ratnagiri, Sangli, Kolhapur, Sindhudurg, Thane, Palghar, Nandurbar, Amravati, Dhule, Nagpur, Aurangabad, Raigarh, Mumbai Suburban",Maharashtra,,,,,21.0,,,,"21 persons died,several injured","i)Railway services, road links disrupted ii)Substantial damage to property,agriculture reported",IMD,
MUM_FL_089,UEI-IMD-FL-1999-0061,1999-07-15,1999-07-21,7.0,heavy rains,,"Mumbai, Nashik, Pune, Raigarh, Ratnagiri,Thane",Maharashtra,,,,,22.0,10.0,,,"i)22 persons died,6 injured due to landslide in Mumbai ii)4 persons washed away in the river at Nashik","i)Multiple landslides due to torrential rains caused the worst traffic-jam in 20 years on Pune - Mumbai road,landslides also reported on Mumbai- Goa highway,Ratnagiri ii)Konkan railway services disrupted as the portion of rail track between Pen,Jite damaged iii)Extensive damage to property,agriculture reported",IMD,
MUM_FL_090,UEI-IMD-FL-2000-0081,2000-07-08,2000-07-08,1.0,heavy rains,,"Mumbai,Mumbai Suburban",Maharashtra,,,,,20.0,14.0,,,"5 persons died,15 people injured in building collapse, another 14 dead when boat sank",,IMD,
MUM_FL_091,UEI-IMD-FL-2000-0083,2000-07-12,2000-07-12,1.0,heavy rains,,"Mumbai,Mumbai Suburban",Maharashtra,,,,,66.0,52.0,,,"(i)65 died,50 injured seriouslyin Ghatkopar (ii)2 children drowned in Wakola,1 person died in Deonar","(i) Due to landslides in Ghatkopa, people residing at the footof the hill were buried alive, hutments crushed (ii)Long dsitance as well as local trains completely stopped, flights fromm Mumbai cancelled (iii) Commuters stranded everywhere as elevated areas were also flooded, water entered upto first floor in low lying areas (iv) Electric supply to several substations,feeders was switched off as a safety measure (v) fire brigade reported 25 major tree falls",IMD,
MUM_FL_092,UEI-IMD-FL-2000-0085,2000-07-12,2000-07-12,1.0,heavy rains,,"Mumbai, Mumbai Suburban, Raigad, Ratnagiri, Sindhudurg, Thane, Palghar",Maharashtra,,,,,,,,,,"(i) 35 landslides reported fom different places from Khed to Kundal on the Konkan railway tracks damaged completely (ii) The worst landslide  between Aravali-Aasurde reported at the opening of the tunnel 12. Waterflooded the 5km long  tunnel, destroying tunnel,the tracks completely",IMD,
MUM_FL_093,UEI-IMD-FL-2001-0064,2001-06-16,2001-06-18,3.0,heavy rains,,"Mumbai,Thane",Maharashtra,,,,,8.0,6.0,,,"8 persons died,6 fishermen reported missing","(i)Central harbor,western railway services dispruted (ii)Thousand of huts flooded (iii) Many trees uprooted, walls collapsed,electric wires snapped off",IMD,
MUM_FL_094,UEI-IMD-FL-2001-0070,2001-07-09,2001-07-10,2.0,heavy rains,,Mumbai,Maharashtra,,,,,2.0,,,,2 persons died,Many trees uprooted,IMD,
MUM_FL_095,UEI-IMD-FL-2001-0077,2001-09-19,2001-09-19,1.0,heavy rains,,Mumbai ,Maharashtra,,,,,,2.0,,,2 persons drowned,,IMD,
MUM_FL_096,UEI-IMD-FL-2002-0038,2002-06-22,2002-06-28,7.0,heavy rains,,"Amravati, Bhandara, Buldhana, Dhule, Jalgaon, Mumbai, Nagpur, Nashik, Pune,Thane",Maharashtra,,,,,94.0,,,,(i)94 persons died (ii)500 animals perished,"(i)Bhiwandi, Dahanu,Palghar tehsils in Thane dist. worst affected (ii) Many houses collapsed (iii)Long distance trains departing from Mumbai Central,Western ailways cancelled, routes of many trains like Amritsar-Mumbai, Jaipur-Mumbai,etc. diverted (v)Railway bridge between Palghar,Bhoisar (Thane) Damaged completely (vi)Tomato crop in various tehsils like Junnar, Umbraj,Narayangaon infested with fungal growths causing heavy losses",IMD,
MUM_FL_097,UEI-IMD-FL-2002-0039,2002-08-05,2002-08-07,3.0,heavy rains,,Mumbai,Maharashtra,,,,,10.0,,,,"(i)8 persons died,many injured due to landslide from hill in Kurla (ii)2 persons also died in different incidents","(i)Road traffic, train services,domestic rand international flights affected badly (ii)Around 40 trees uprooted in Mumbai",IMD,
MUM_FL_098,UEI-IMD-FL-2002-0042,2002-08-11,2002-08-11,1.0,heavy rains,,Mumbai,Maharashtra,,,,,,,,,,"Tidal waves upto height of 20 ft. reported, due to whih snackstalls washed away",IMD,
MUM_FL_099,UEI-IMD-FL-2002-0043,2002-08-22,2002-08-24,3.0,heavy rains,,"Gondia, Bhandara, Jalgaon, Wardha, Buldhana, Akola, Nashik, Gadchiroli, Washim, Chandrapur, Yavatmal, Jalna, Ahmednagar, Hingoli, Nanded, Parbhani, Pune, Beed, Mumbai, Latur, Dharashiv, Solapur, Satara, Ratnagiri, Sangli, Kolhapur, Sindhudurg, Thane, Palghar, Nandurbar, Amravati, Dhule, Nagpur, Aurangabad, Raigarh, Mumbai Suburban",Maharashtra,,,,,15.0,4.0,,,"15 persons died,4 injured","(i)Moong, tur, blackgram,chillies destroyed (ii)Bridge on the river Khadakpurna(Buldana dist.) submerged under 5 ft. of water",IMD,
MUM_FL_100,UEI-IMD-FL-2003-0061,2003-06-19,2003-06-21,3.0,heavy rains,,Mumbai,Maharashtra,,,,,1.0,1.0,,,"1 person died,another injured at Ghatkopar due to lanslide",(i)Landslide reported (ii)Low lying areas submerged disrupting road traffic (iii)Rail tracks also submerged. Many trains delayed/cancelled (iv) More than 50 trees uprooted,IMD,
MUM_FL_101,UEI-IMD-FL-2003-0065,2003-06-28,2003-06-29,2.0,heavy rains,,Mumbai,Maharashtra,,,,,4.0,,,,"4 persons died,many injured undr debris",(i) A 6 Storeyed constructions collapsd near Grant Road railway station (ii)Railway tracks submerged at many points. Many trains delayed/cancelled (iii)Several roads waterloggd. Road traffic disrupted. (iv) Many trees uprooted,IMD,
MUM_FL_102,UEI-IMD-FL-2003-0066,2003-07-07,2003-07-07,1.0,heavy rains,,Mumbai,Maharashtra,,,,,,2.0,,,"1 youth drowned in falls in Sanjay Gandhi National Park at Borivali,another injured due to wall collapse at Bhandup",(i) Low lying areas inundated (ii)Around 50 trees uprooted,IMD,
MUM_FL_103,UEI-IMD-FL-2004-0042,2004-06-18,2004-06-18,1.0,heavy rains,,Mumbai,Maharashtra,,,,,1.0,10.0,,,"1 person died,10 other injured in separate incidents of house collapse",(i)A few houses collapsed (ii)More than 200 trees uprooted,IMD,
MUM_FL_104,UEI-IMD-FL-2004-0044,2004-07-26,2004-08-05,11.0,heavy rains,,"Mumbai, Pune,Thane",Maharashtra,,,,,33.0,50.0,,,"33 persons died,more than 50 injured in separate incidents of landslide/ house collapse/ drowning","(i)Landslide reported (ii)Lowlying areas inundated (iii)Most of the roads washed away at many points (iv) Rail/road communication affected (v) Trees uprooted in some areas (vi)Many houses damaged (vii)Most oof the paddy fields in Mulshi,Paud tehsils of Pune dist damaged",IMD,
MUM_FL_105,UEI-IMD-FL-2004-0045,2004-08-11,2004-08-12,2.0,heavy rains,,"Mumbai, Pune,Satara",Maharashtra,,,,,3.0,1.0,,,"3 persons died,1 injured due to landslide in Mumbai","(i) Landslide reported (ii)Loss of agriculture nad property reported in many villages of Patan tehsil in Stara dist., Along the banks of Koyna river (iii)400 year old construction of archaeological importance razed to ground at Shivneri Fort in Pune dist.",IMD,
MUM_FL_106,UEI-IMD-FL-2005-0100,2005-06-22,2005-06-28,7.0,heavy rains,,"Mumbai,Thane",Maharashtra,,,,,,,,,"24 persons including 4 women died,4 other drowned. ",103 trees uprooted.,IMD,
MUM_FL_107,UEI-IMD-FL-2005-0107,2005-07-26,2005-07-27,2.0,heavy rains,,Mumbai,Maharashtra,,,,,273.0,,,1000.0,i) 273 persons died. ii) 1000 cattleheads perished. ,5000 people evacuated to safer places.,IMD,
MUM_FL_108,UEI-IMD-FL-2005-0115,2005-09-08,2005-09-14,7.0,heavy rains,,"Aurangabad, Bhandara, Gondia, Jalna, Mumbai, Solapur,Wardha ",Maharashtra,,,,,11.0,19.0,,,"11 persons died,19 other injured.","i) 151 houses completely,40 houses partially damaged. ii) Damage to maize, coriander, pulses, onion,fruit gardens reported. iii) 5000 people shifted to safer places. iv) Many trees uprooted. ",IMD,
MUM_FL_109,UEI-IMD-FL-2005-0116,2005-09-21,2005-09-21,1.0,heavy rains,,Mumbai,Maharashtra,,,,,,3.0,,,3 persons injured in Vikroli.,Landslide reported.,IMD,
MUM_FL_110,UEI-IMD-FL-2006-0073,2006-05-30,2006-06-02,4.0,heavy rains,,"Aurangabad, Dhule, Mumbai, Nagpur, Kolhapur,Sindhudurg ",Maharashtra,,,,,38.0,9.0,,,"38 persons died,9 injured.","i) Some areas,rail track inundated. ii) 100 trees uprooted. iii) Normal life paralysed.",IMD,
MUM_FL_111,UEI-IMD-FL-2006-0077,2006-07-01,2006-07-07,7.0,heavy rains,,"Amravati, Chandrapur, Dhule,  Gadchiroli, Jalgaon, Kolhapur, Mumbai, Nagpur, Nashik, Pune, Raigarh, Satara, Thane,Washim",Maharashtra,,,,,131.0,9.0,,,"i) 131 persons died,9 injured. ii) Many cattleheads perished. ","i) Low lying areas, bridges inundated. About 185 villages cut off. ii) Road/rail /air traffic disrupted. iii) Extensive damage to agriculture & vegetable crop reported iv) Many houses,trees collapsed. ",IMD,
MUM_FL_112,UEI-IMD-FL-2006-0082,2006-08-15,2006-08-15,1.0,heavy rains,,Mumbai,Maharashtra,,,,,1.0,,,,One woman died.,,IMD,
MUM_FL_113,UEI-IMD-FL-2006-0084,2006-09-12,2006-09-17,6.0,heavy rains,,"Ahmednagar, Beed, Jalna, Mumbai, Nashik, Dharashiv, Pune,Satara",Maharashtra,,,,,12.0,,,,12 persons died.,i) Landslide reported. ii) Few houses inundated. iii) 7 embankment breached. iv) Low lying areas flooded. V) Road traffic disrupted. vi) Sugarcane in about 300 acres damaged. vii) Extensive damage to agriculture reported.,IMD,
MUM_FL_114,UEI-IMD-FL-2007-0095,2007-06-24,2007-06-24,1.0,heavy rains,,"Amravati, Mumbai ",Maharashtra,,,,,7.0,4.0,,,"a)One woman died,4 other injured due to wall collapse at Gonapur. b)6 persons died due to landslide. ","Wall collapse, house crash reported.",IMD,
MUM_FL_115,UEI-IMD-FL-2007-0096,2007-06-30,2007-06-30,1.0,heavy rains,,"Mumbai, Ratnagiri,Satara",Maharashtra,,,,,16.0,,,,16 persons died.,"1500 people evacuated from Mumbai,550 from Ratnagiri.",IMD,
MUM_FL_116,UEI-IMD-FL-2007-0100,2007-08-01,2007-08-09,9.0,flood (cloud burst),,"Amravati, Bhandara, Chandrapur, Gadchiroli, Gondia, Aurangabad,Beed,Hingoli, Jalna, Latur, Nanded,Dharashiv,Parbhani, Mumbai, Nagpur, Nashik, Sindhudurg, Thane, Wardha,Washim",Maharashtra,,,,,32.0,22.0,,100.0,"i) 32 persons died,3 other injured. ii) 19 persons washed away. iii) More than 100 cattle heads perished. ","i) Standing crops at Nilanga damaged. ii) Low lying areas of Pathari inundated. iii) Walls of houses,hotels collapsed in Kudala taluka. iv) More than 500 villages marooned. v) 715 houses damaged. ",IMD,
MUM_FL_117,UEI-IMD-FL-2008-0075,2008-06-07,2008-06-09,3.0,heavy rains,,"Raigarh, Mumbai, Raigarh,Thane ",Maharashtra,,,,,10.0,19.0,,,"10 persons including 2 children died,19 others injured.",i) Landslide reported. ii) Many trees uprooted. iii) Low lying areas flooded. iv) Few houses collapsed.,IMD,
MUM_FL_118,UEI-IMD-FL-2008-0077,2008-07-01,2008-07-02,2.0,heavy rains,,"Mumbai,Thane",Maharashtra,,,,,5.0,,,,5 persons died including 2 others electrocuted.,i) Low lying houses flooded. ii) Many trees uprooted.,IMD,
MUM_FL_119,UEI-IMD-FL-2008-0078,2008-07-26,2008-07-31,6.0,flash flood,,"Bhandara, Mumbai, Raigarh,Wardha",Maharashtra,,,,,6.0,,,,6 persons died.,1) Landslide reported. ii) Low lying areas inundated. ii) Few houses collapsed. iv) Many trees uprooted.,IMD,
MUM_FL_120,UEI-IMD-FL-2008-0081,2008-08-09,2008-08-14,6.0,"flood (indrayani, mula, panchganga, pavana)",,"Kolhapur, Mumbai, Pune, Ratnagiri, Satara,Sindhudurg ",Maharashtra,,,,,35.0,35.0,,,"35 persons died,35 others injured.","i) Landslide reported. ii) Road / rail traffic,power supply disrupted. iii) About 120 villages marooned, iv) Ratnagiri - Kolhapur highway disrupted. v) 1500 houses damaged. vi) About 900 people evacuated. vii) Extensive damage to grain stock reported. ",IMD,
MUM_FL_121,UEI-IMD-FL-2009-0047,2009-06-24,2009-06-29,6.0,heavy rains,,"Mumbai, Nagpur,Yavatmal ",Maharashtra,,,,,3.0,7.0,,,"3 persons died,7 other injured. ","Damage to the crops,property reported.",IMD,
MUM_FL_122,UEI-IMD-FL-2009-0048,2009-07-03,2009-07-08,6.0,heavy rains,,"Amravati, Mumbai,Nashik",Maharashtra,,,,,12.0,,,,12 persons died.,,IMD,
MUM_FL_123,UEI-IMD-FL-2009-0049,2009-07-14,2009-07-15,2.0,heavy rains,,"Mumbai, Gadchiroli,Nagpur",Maharashtra,,,,,10.0,8.0,,,"10 persons died,8 other injured.",14 & 15 July,IMD,
MUM_FL_124,UEI-IMD-FL-2009-0051,2009-09-05,2009-09-05,1.0,heavy rains,,Mumbai,Maharashtra,,,,,11.0,,,,11 persons died.,Landslide reported.,IMD,
MUM_FL_125,UEI-IMD-FL-2010-0085,2010-06-16,2010-06-16,1.0,heavy rains,,"Beed,Mumbai",Maharashtra,,,,,9.0,7.0,,,"9 persons died,7 others injured.",i) About 100 trees uprooted. ii) Rail/road traffic disrupted. ,IMD,
MUM_FL_126,UEI-IMD-FL-2010-0086,2010-06-18,2010-06-20,3.0,heavy rains,,"Beed,Bhandara, Mumbai,Yavatmal",Maharashtra,,,,,8.0,,,,About 8 persons died.,,IMD,
MUM_FL_127,UEI-IMD-FL-2010-0087,2010-06-24,2010-06-26,3.0,heavy rains,,"Mumbai, Nandurbar, Ratnagiri,Yavatmal",Maharashtra,,,,,8.0,7.0,,,"8 persons died,7 others injured. ",i)Landslide reported. ii) A wall collapsed. ,IMD,
MUM_FL_128,UEI-IMD-FL-2010-0089,2010-07-03,2010-07-03,1.0,heavy rains,,"Mumbai, Nanded, Parbhani",Maharashtra,,,,,4.0,,,,4 persons died. ,Air/rail/road traffic disrupted.,IMD,
MUM_FL_129,UEI-IMD-FL-2010-0091,2010-07-23,2010-07-25,3.0,heavy rains,,"Mumbai,Ratnagiri",Maharashtra,,,,,12.0,,,,12 persons died.,i) About 85 houses collapsed. ii) Air/rail traffic disrupted.,IMD,
MUM_FL_130,UEI-IMD-FL-2010-0093,2010-08-05,2010-08-06,2.0,heavy rains,,"Gadchiroli,Mumbai",Maharashtra,,,,,1.0,3.0,,,"One person died,3 others drowned.",i) Many villages affected. ii) Road communication disrupted. ,IMD,
MUM_FL_131,UEI-IMD-FL-2010-0095,2010-08-17,2010-08-20,4.0,heavy rains,,"Buldhana, Mumbai,Yavatmal",Maharashtra,,,,,11.0,4.0,,,"11 persons died,4 others injured.",i) Landslide reported. ii) Few houses collapsed. iii) Rail service disrupted. ,IMD,
MUM_FL_132,UEI-IMD-FL-2010-0101,2010-09-19,2010-09-19,1.0,heavy rains,,Mumbai,Maharashtra,,,,,,1.0,,,One boy swept away.,"Damage to houses,shops reported.",IMD,
MUM_FL_133,UEI-IMD-FL-2011-0068,2011-07-08,2011-07-08,1.0,heavy rains,,Mumbai,Maharashtra,,,,,10.0,,,,"About 10 persons died,few injured due to wall collapse",i)Low lying areas flooded. ii)Road traffic / electric supply disrupted. iii) Trees uprooted.,IMD,
MUM_FL_134,UEI-IMD-FL-2011-0072,2011-08-27,2011-08-29,3.0,heavy rains,,"Mumbai, Ratnagiri,Thane ",Maharashtra,,,,,4.0,15.0,,,"i) One person died,3 others injured in Haji Ali ii)One person swept away in Vasai. iii) 3 persons injured in Mulund due to fall of a tree. iv) One woman died due to wall collapse in Ratnagiri. v) 2 persons died,7 others injured due to landslide in Thane. vi) One boy swept away in Mithi river. ",i) Low lying areas submerged. ii) Damage to many houses due to landslide reported.,IMD,
MUM_FL_135,UEI-IMD-FL-2011-0074,2011-09-03,2011-09-03,1.0,heavy rains,,"Dhule, Jalgaon, Mumbai,Nandurbar",Maharashtra,,,,,8.0,,,,"5 children died due to wall collapse in Mumbai,3 others in North Maharashtra.",,IMD,
MUM_FL_136,UEI-IMD-FL-2012-0061,2012-06-09,2012-06-09,1.0,heavy rains,,Mumbai,Maharashtra,,,,,,,,,,A building collapsed.,IMD,
MUM_FL_137,UEI-IMD-FL-2012-0062,2012-06-29,2012-06-29,1.0,heavy rains,,Mumbai,Maharashtra,,,,,,,,,,"i) Few check dams collapsed. ii) Water logging,damaged roads disrupted road,rail traffic. ",IMD,
MUM_FL_138,UEI-IMD-FL-2013-0099,2013-06-09,2013-06-09,1.0,heavy rains ,,Mumbai ,Maharashtra,,,,,2.0,9.0,,,"2 persons died in Bhandup,9 others injured. ","i) Low lying areas flooded. ii) Trees/poles uprooted causing vehicular,traffic disruption. ",IMD,
MUM_FL_139,UEI-IMD-FL-2014-0060,2014-07-13,2014-07-13,1.0,heavy rains ,,Mumbai ,Maharashtra,,,,,4.0,,,,"One person died due to roof fell in Colaba, 3 others due to wall collapse in Shiwadi,Malad. ",,IMD,
MUM_FL_140,UEI-IMD-FL-2014-0062,2014-07-31,2014-07-31,1.0,heavy rains,,Mumbai,Maharashtra,,,,,1.0,,,,One died due to landslide in Chembur. ,,IMD,
MUM_FL_141,UEI-IMD-FL-2015-0070,2015-07-28,2015-07-28,1.0,heavy rains,,Mumbai,Maharashtra,,,,,4.0,,,,4 persons died at Vakola Santacruz,,IMD,
MUM_FL_142,UEI-IMD-FL-2015-0071,2015-07-29,2015-07-29,1.0,heavy rains,,"Mumbai,Mumbai Suburban, Thane",Maharashtra,,,,,9.0,10.0,,,"9 persons died,10 injured",,IMD,
MUM_FL_143,UEI-IMD-FL-2016-0093,2016-06-20,2016-06-20,1.0,heavy rains,,Mumbai,Maharashtra,,,,,1.0,,,,One person died.,22 trees uprooted causing disruption in vehicular traffic.,IMD,
MUM_FL_144,UEI-IMD-FL-2016-0094,2016-06-25,2016-06-25,1.0,heavy rains,,Mumbai,Maharashtra,,,,,2.0,,,,2 persons died.,,IMD,
MUM_FL_145,UEI-IMD-FL-2016-0095,2016-07-01,2016-07-03,3.0,heavy rains,,"Ahmednagar, Dhule, Jalgaon, Mumbai, Nandurbar, Nashik, Pune",Maharashtra,,,,,11.0,,,,11 persons died.,,IMD,
MUM_FL_146,UEI-IMD-FL-2016-0097,2016-07-11,2016-07-12,2.0,heavy rains,,"Kolhapur, Mumbai, Mumbai Suburban, Raigad, Ratnagiri, Sindhudurg, Thane, Palghar",Maharashtra,,,,,1.0,,,,One person died in Konkan region.,"i) 31 roads including 22 main roads,9 highways are completely under water in Kolhapur Dist. ii) Around 80 villages lost contact from rest of the state in Konkan region.",IMD,
MUM_FL_147,UEI-IMD-FL-2016-0100,2016-07-30,2016-07-31,2.0,heavy rains,,Mumbai,Maharashtra,,,,,1.0,4.0,,,One person died as tree fell on him & 4 others injured.,i) Damage to Ground-plus-three structure building & security cabin reported ii) A car & an auto-rickshaw damaged as tree fell on it.,IMD,
MUM_FL_148,UEI-IMD-FL-2017-0080,2017-06-26,2017-06-26,1.0,Heavy Rains,,Mumbai,Maharashtra,,,,,,2.0,,,2 women injured due to wall collapsed in Mulund (W),i) Damage to houses reported. ii) 48 trees uprooted.,IMD,
MUM_FL_149,UEI-IMD-FL-2017-0089,2017-08-30,2017-08-30,1.0,Heavy Rains,,"Palghar, Thane, Mumbai",Maharashtra,,,,,15.0,,,,"Total 15 persons died. Palghar �������� 5, Thane �������� 3, Mumbai - 7",,IMD,
MUM_FL_150,UEI-IMD-FL-2018-0054,2018-03-07,2018-03-07,1.0,Floods & Heavy rains,,Mumbai,Maharashtra,,,,,1.0,5.0,,,One youth washed away from Bandra & 5 others injured due to part of Ghokhale bridge collapsed in Andheri.,i) Damage to Ghokhale bridge reported. ii) Rail & Air services disrupted. Flight cancelled.,IMD,
MUM_FL_151,UEI-IMD-FL-2018-0053,2018-06-25,2018-06-25,1.0,Heavy rains,,"Mumbai, Mumbai Suburban, Palghar, Raigarh, Sindhudurg, Thane",Maharashtra,,,,,8.0,,,,8 people died including one girl who washed away from Sindhudurg Dist.,"i) Damage to more than 10 vehicles reported. ii) Damage to building, roads reported.",IMD,
MUM_FL_152,UEI-IMD-FL-2018-0057,2018-10-07,2018-10-07,1.0,Floods & Heavy rains,,"Amravati, Mumbai",Maharashtra,,,,,1.0,,,,"One person died in Amravati, Dist.","i) Damage to Standing crops reported. ii) Damage to 35 houses partially,40 houses completely reported. iii) Water logging in Mumbai.",IMD,
MUM_FL_153,UEI-IMD-FL-2019-0090,2019-01-07,2019-01-07,1.0,Heavy rains,,"Mumbai, Nashik, Palghar, Pune",Maharashtra,,,,,12.0,3.0,,,"Total 12 persons died & 3 others injured. Viz. Mumbai - One electrocuted at Nehru Nagar in Vile Parle. Nashik - 3, Palghar �������� 2 in Jawahar city, Pune - 6 labourers died & 3 others injured due to wall collapsed in Ambegaon area.",,IMD,
MUM_FL_154,UEI-IMD-FL-2019-0091,2019-02-07,2019-02-07,1.0,"Heavy rains , Incessant rains leading to flood-like situation.",," Mumbai,Thane,Ratnagiri",Maharashtra,,,,,45.0,4.0,,,Total 23 persons died. Mumbai - 21 persons died & more than 50 others injured due to wall collapsed in Mumbai's \ northern suburb of Malad & 2 other died in another incident in Malad. 3 persons died due to wall collapse in Kalyan. At least 19 persons died & 4 others missing from Bhendewadi village of Chiplun block,"i) A wall collapsed on hutments in Pimpripada area of Malad East. ii) About 1,000 people shifted to temporary shelters by joint evacuation operation in suburban Kurla with the NDRF, Navy,fire brigade shifting. iii) Many parts of the financial capital Mumbai waterlogged. iv) Rail, Air,Road traffic disrupted with several trains,flights cancelled. Altogether 54 flights diverted,52 cancelled at Mumbai's Chhatrapati Shivaji Maharaj International Airport, where a SpiceJet plane overshot the runway.  The wall of an Urdu school behind Durgai Fort collapsed near the hutments adjacent in Kalyan.  i) Tiware Dam in Chiplun block of Ratnagiri District in the Vashishthi Basin of coastal Maharashtra breached. ii) At least 7 villages including Bhendewadi, Ovali, Riktoli, Aakle, Daadar, Nandivase, Kalkavne, with about 3000 population badly affected. iii) Several houses including at least 12 houses & 20 vehicles from Bhendewadi village near the dam washed away. iv) NDRF teams, Additional rescue teams consisting of government officials, police,volunteers carrying out search,rescue operations.",IMD,
MUM_FL_155,UEI-IMD-FL-2019-0096,2019-02-08,2019-02-08,1.0,Heavy Rains,,Mumbai,Maharashtra,,,,,1.0,,,,One person died.,A tree uprooted & fell on a wall in Chandivli.,IMD,
MUM_FL_156,UEI-IMD-FL-2019-0097,2019-03-08,2019-03-08,1.0,Heavy Rains & Flood,,"Mumbai, Palghar",Maharashtra,,,,,5.0,,,4.0,"Total 5 persons died. Mumbai �������� 4 girls washed away at Pandavakada Waterfalls at Khargahr Palghar �������� 1 person washed away in Tiwas river. While, 4 livestock perished.",,IMD,
MUM_FL_157,UEI-IMD-FL-2019-0104,2019-05-09,2019-05-09,1.0,Heavy Rains & Flood,,Mumbai,Maharashtra,,,,,4.0,,,,4 persons died & other missing.,"Around 1300 people from Kurla west evacuated with the help of Navy,NDRF personnel.",IMD,
MUM_FL_158,UEI-IMD-FL-2019-0105,2019-06-09,2019-06-09,1.0,Heavy Rains & Flood,,Mumbai,Maharashtra,,,,,1.0,,,,One person washed away.,,IMD,
MUM_FL_159,UEI-IMD-FL-2020-0085,2020-04-08,2020-06-08,3.0,Heavy Rains & Landslide,,"Kolhapur, Mumbai, Nagpur, Palghar, Pune, Raigarh, Ratnagiri, Sindhudurg, Thane",Maharashtra,,,,,2.0,,,3.0,"Total 2 persons died on 4th. Ratnagiri - One woman died due to tree collapsed in Rajapur, Thane - One 15 year old boy died. While 3 cowes perished in Kalyan area of Mumbai.","i) Damage to crops reported in Nagpur dist. i) Damage to structures, houses, roads reported. ii) Speed boat drowned in Varsova, Mumbai. iii) Damage to many vehicles reported. iv) Roof of D.Y.Patil stadium blown away in Mumbai. v) Normal life paralysed. vi) In Kolhapur , People shifted to safer places. vii) Rail traffic disrupted due to Landslide at Kandiwali, Mumbai. viii) Roads from Radhanagari, Gaganbawada, Panhala towards Konkan were blocked. Several trees/electric poles uprooted causing disruption in vehicular traffic & power supply.",IMD,
MUM_FL_160,UEI-IMD-FL-2020-0077,2020-06-18,2020-06-18,1.0,Heavy Rains,,Mumbai,Maharashtra,,,,,1.0,,,,One person died.,,IMD,
MUM_FL_161,UEI-IMD-FL-2020-0081,2020-07-16,2020-07-16,1.0,Heavy Rains,,Mumbai,Maharashtra,,,,,4.0,6.0,,,4 persons died & 6 others injured due to wall collapsed in Fort & Malawanai area.,Damaage to 2 hundred year old MHADA SES building reported.,IMD,
MUM_FL_162,UEI-IMD-FL-2021-0156,2021-06-09,2021-06-09,1.0,Heavy rains,,Mumbai Suburban,Maharashtra,,,,,11.0,17.0,,,,,IMD,
MUM_FL_163,UEI-IMD-FL-2021-0167,2021-07-17,2021-07-17,1.0,"Heavy rains,  Floods & Landslides",,Mumbai ,Maharashtra,,,,,10.0,,,,,,IMD,
MUM_FL_164,UEI-IMD-FL-2021-0168,2021-07-17,2021-07-17,1.0,"Heavy rains,  Floods & Landslides",,Mumbai Suburban ,Maharashtra,,,,,22.0,7.0,,,,,IMD,
MUM_FL_165,UEI-IMD-FL-2021-0171,2021-07-17,2021-07-17,1.0,"Heavy rains,  Floods & Landslides",,"Mumbai, Mumbai Suburban, Palghar, Raigarh, Sindhudurg, Thane, Washim",Maharashtra,,,,,,,,,,,IMD,
MUM_FL_166,UEI-IMD-FL-2021-0190,2021-07-23,2021-07-23,1.0,Heavy rains,,Mumbai Suburban,Maharashtra,,,,,4.0,,,,,,IMD,
MUM_FL_167,UEI-IMD-FL-2022-0627,2022-06-20,2022-06-20,1.0,Landslide,,Mumbai Suburban,Maharashtra,,,,,,2.0,,,,,IMD,
MUM_FL_168,UEI-IMD-FL-2022-0631,2022-07-06,2022-07-06,1.0,Landslide,,Mumbai,Maharashtra,,,,,,3.0,,,,,IMD,
MUM_FL_169,UEI-IMD-FL-2022-0632,2022-07-06,2022-07-06,1.0,Heavy Rains,,Mumbai,Maharashtra,,,,,,,,,,,IMD,
MUM_FL_170,UEI-IMD-FL-2022-0645,2022-07-11,2022-07-11,1.0,Heavy Rains & Floods,,Mumbai Suburban,Maharashtra,,,,,2.0,,,,,,IMD,
MUM_FL_171,UEI-IMD-FL-2022-0650,2022-07-12,2022-07-12,1.0,Heavy Rains & Floods,,Mumbai,Maharashtra,,,,,3.0,1.0,,,,,IMD,
MUM_FL_172,UEI-IMD-FL-2022-0664,2022-07-14,2022-07-14,1.0,Heavy Rains & Floods,,Mumbai,Maharashtra,,,,,,1.0,,,,,IMD,
MUM_FL_173,UEI-IMD-FL-2022-0669,2022-07-15,2022-07-15,1.0,Heavy Rains & Floods,,Mumbai,Maharashtra,,,,,,,,,,,IMD,
MUM_FL_174,UEI-IMD-FL-2022-0699,2022-08-12,2022-08-12,1.0,Heavy Rains & Floods,,Mumbai,Maharashtra,,,,,,1.0,,,,,IMD,
MUM_FL_175,UEI-IMD-FL-2023-0438,2023-06-25,2023-06-26,2.0,Heavy Rains,,Mumbai,Maharashtra,,,,,,4.0,,,,,IMD,
MUM_FL_176,UEI-IMD-FL-2023-0439,2023-06-25,2023-06-26,2.0,Heavy Rains,,Mumbai Suburban,Maharashtra,,,,,,,,,,,IMD,
MUM_FL_177,UEI-IMD-FL-2023-0440,2023-06-28,2023-06-28,1.0,Heavy Rains & Floods,,Mumbai,Maharashtra,,,,,2.0,,,,,,IMD,
MUM_FL_178,UEI-IMD-FL-2023-0441,2023-06-28,2023-06-28,1.0,Heavy Rains & Floods,,Mumbai Suburban,Maharashtra,,,,,2.0,,,,,,IMD,
MUM_FL_179,UEI-IMD-FL-2023-0444,2023-06-29,2023-06-29,1.0,Heavy Rains,,Mumbai,Maharashtra,,,,,1.0,5.0,,,,,IMD,
MUM_FL_180,UEI-IMD-FL-2023-0454,2023-07-19,2023-07-19,1.0,Heavy Rains & Floods,,Mumbai,Maharashtra,,,,,,,,,,,IMD,
MUM_FL_181,UEI-IMD-FL-2023-0460,2023-07-20,2023-07-20,1.0,Heavy Rains & Floods,,Mumbai,Maharashtra,,,,,,,,,,,IMD,
MUM_FL_182,UEI-IMD-FL-2023-0461,2023-07-20,2023-07-20,1.0,Heavy Rains & Floods,,Mumbai Suburban,Maharashtra,,,,,1.0,,,,,,IMD,
