Unnamed: 0,UEI,Start Date,End Date,Duration(Days),Main Cause,Location,Districts,State,Latitude,Longitude,Severity,Area Affected,Human fatality,Human injured,Human Displaced,Animal Fatality,Description of Casualties/injured,Extent of damage ,Event Source,Event Souce ID,District_LGD_Codes,State_Codes
582,UEI-IMD-FL-1969-0008,15-09-1969 00:00,22-09-1969 00:00,8.0,floods,,"Gondia, Bhandara, Jalgaon, Wardha, Buldhana, Akola, Nashik, Gadchiroli, Washim, Chandrapur, Yavatmal, Jalna, Ahmednagar, Hingoli, Nanded, Parbhani, Pune, Beed, Mumbai, Latur, Dharashiv, Solapur, Satara, Ratnagiri, Sangli, Kolhapur, Sindhudurg, Thane, Palghar, Nandurbar, Amravati, Dhule, Nagpur, Aurangabad, Raigarh, Mumbai Suburban, Adilabad, Hyderabad, Jagitial, Jangoan, Mulugu, Jogulamba Gadwal, Kamareddy, Karimnagar, Khammam, Kumuram Bheem Asifabad, Mahabubabad, Mahabubnagar, Mancherial, Medak, Medchal Malkajgiri, Nagarkurnool, Nalgonda, Nirmal, Nizamabad, Peddapalli, Rajanna Sircilla, Ranga Reddy, Sangareddy, Siddipet, Suryapet, Vikarabad, Wanaparthy, Warangal, Warangal, Warangal, Warangal, Warangal, Warangal, Warangal, Warangal, Yadadri Yadadri Bhuvanagiri Yadadri Bhuvanagiri, Bhadradri Bhadradri Kothagudem Bhadradri Kothagudem, Jayashankar Bhupalapally, Narayanpet","Maharashtra, Telangana",,,,,,,,,,,IMD,,"476, 471, 478, 498, 472, 467, 487, 475, 499, 473, 500, 479, 466, 477, 485, 489, 490, 470, 482, 481, 488, 496, 494, 492, 493, 480, 495, 497, 665, 486, 468, 474, 484, 189, 386, 483, 501, 507, 681, 689, 720, 695, 685, 508, 509, 699, 688, 512, 684, 513, 700, 694, 514, 680, 516, 682, 683, 518, 691, 692, 696, 698, 693, 522, 522, 522, 522, 522, 522, 522, 522, None, None, 687, 721","27,36"
606,UEI-IMD-FL-1971-0011,22-09-1971 00:00,28-09-1971 00:00,7.0,floods,,"Pashchim Champaran, Purbi Champaran, Sitamarhi, Sheohar, Gopalganj, Samastipur, Katihar, Khagaria, Bhojpur, Buxar, Darbhanga, Saharsa, Kaimur (Bhabua), Rohtas, Jamui, Banka, Nawada, Gaya, Munger, Vaishali, Begusarai, Bhagalpur, Lakhisarai, Sheikhpura, Arwal, Jehanabad, Nalanda, Patna, Saran, Siwan, Muzaffarpur, Madhepura, Araria, Supaul, Madhubani, Purnia, Kishanganj, Aurangabad, Gondia, Bhandara, Jalgaon, Wardha, Buldhana, Akola, Nashik, Gadchiroli, Washim, Chandrapur, Yavatmal, Jalna, Ahmednagar, Hingoli, Nanded, Parbhani, Pune, Beed, Mumbai, Latur, Dharashiv, Solapur, Satara, Ratnagiri, Sangli, Kolhapur, Sindhudurg, Thane, Palghar, Nandurbar, Amravati, Dhule, Nagpur, Aurangabad, Raigarh, Mumbai Suburban","Bihar, Maharashtra",,,,,,,,,,,IMD,,"211, 213, 221, 220, 197, 217, 201, 202, 193, 194, 195, 216, None, 215, 198, 190, 210, 196, 207, 224, 191, 192, 204, 219, 611, 199, 209, 520, 218, 222, 208, 205, 188, 223, 206, 214, 203, 189, 476, 471, 478, 498, 472, 467, 487, 475, 499, 473, 500, 479, 466, 477, 485, 489, 490, 470, 482, 481, 488, 496, 494, 492, 493, 480, 495, 497, 665, 486, 468, 474, 484, 189, 386, 483","10,27"
625,UEI-IMD-FL-1973-0007,01-07-1973 00:00,14-07-1973 00:00,14.0,heavy rains,,"Churu, Jhunjhunu, Jaisalmer, Sikar, Alwar, Jaipur, Jodhpur, Bharatpur, Nagaur, Dausa, Karauli, Dholpur, Barmer, Sawai Madhopur, Tonk, Pali, Bhilwara, Jalore, Bundi, Kota, Sirohi, Baran, Udaipur, Jhalawar, Dungarpur, Banswara, Ajmer, Rajsamand, Chittorgarh, Ganganagar, Hanumangarh, Bikaner, Pratapgarh, Pashchim Champaran, Purbi Champaran, Sitamarhi, Sheohar, Gopalganj, Samastipur, Katihar, Khagaria, Bhojpur, Buxar, Darbhanga, Saharsa, Kaimur (Bhabua), Rohtas, Jamui, Banka, Nawada, Gaya, Munger, Vaishali, Begusarai, Bhagalpur, Lakhisarai, Sheikhpura, Arwal, Jehanabad, Nalanda, Patna, Saran, Siwan, Muzaffarpur, Madhepura, Araria, Supaul, Madhubani, Purnia, Kishanganj, Aurangabad, Burhanpur, Morena, Bhind, Gwalior, Sheopur, Shivpuri, Tikamgarh, Neemuch, Rewa, Satna, Guna, Ashoknagar, Mandsaur, Singrauli, Sidhi, Sagar, Damoh, Shajapur, Vidisha, Rajgarh, Shahdol, Katni, Umaria, Ratlam, Bhopal, Ujjain, Raisen, Sehore, Jabalpur, Dewas, Anuppur, Jhabua, Dindori, Narsimhapur, Dhar, Indore, Mandla, Narmadapuram, Seoni, Alirajpur, Chhindwara, Harda, Khargone (Khargone (West Nimar)), East Nimar, Balaghat, Barwani, Agar-Malwa, Datia, Chhatarpur, Panna, Betul, Niwari, Valsad, Amreli, Dangs, Banas Kantha, Patan, Mahesana, Gandhinagar, Ahmedabad, Panch Mahals, Dahod, Vadodara, Bharuch, Porbandar, Narmada, Surat, Tapi, Arvalli, Botad, Chota Udaipur, Mahisagar, Gir Somnath, Sabar Kantha, Kachchh, Surendranagar, Rajkot, Kheda, Anand, Bhavnagar, Junagadh, Jamnagar, Devbhumi Dwarka Dwarka, Morbi, Navsari, Gondia, Bhandara, Jalgaon, Wardha, Buldhana, Akola, Nashik, Gadchiroli, Washim, Chandrapur, Yavatmal, Jalna, Ahmednagar, Hingoli, Nanded, Parbhani, Pune, Beed, Mumbai, Latur, Dharashiv, Solapur, Satara, Ratnagiri, Sangli, Kolhapur, Sindhudurg, Thane, Palghar, Nandurbar, Amravati, Dhule, Nagpur, Aurangabad, Raigarh, Mumbai Suburban, Amroha, Hapur, Bareilly, Pilibhit, Bulandshahr, Gautam Buddha Nagar, Kheri, Budaun, Bahraich, Shahjahanpur, Aligarh, Kasganj, Mathura, SShrawasti, Sitapur, Hathras, Etah, Hardoi, Farrukhabad, Firozabad, Siddharthnagar, Mainpuri, Mahrajganj, Agra, Gonda, Bara Banki, Kushinagar, Kannauj, Lucknow, Basti, Gorakhpur, Sant Kabir Nagar, Unnao, Etawah, Kanpur nagar Nagar, Auraiya, Ayodhya, Kanpur nagar Dehat, Deoria, Sultanpur, Ambedkar Nagar, Rae Bareli, Jalaun, Azamgarh, Mau, Fatehpur, Ballia, Jaunpur, Jhansi, Banda, Ghazipurr, Kaushambi, Prayagraj, Varanasi, Chitrakoot, Chandauli, Bhadohi, Mirzapur, Lalitpur, Sonbhadra, Amethi, Ghaziabad, Sambhal, Mahoba, Saharanpur, Bijnor, Muzaffarnagar, Baghpat, Meerut, Moradabad, Rampur, Shamli, Balrampur, Hamirpur, Pratapgarh","Rajasthan, Bihar, Madhya Pradesh, Gujarat, Maharashtra, Uttar Pradesh",,,,,90.0,,,,90 persons were reported washed away,"Caused damage in life,property. Crops worth several crores of rupees were damaged or destroyed",IMD,,"96, 106, 103, 114, 87, 102, 107, 760, 110, 97, 108, 98, 90, 113, 116, 111, 92, 104, 94, 109, 115, 366, 117, 105, 99, 88, 86, 112, 95, 100, 101, 93, 629, 211, 213, 221, 220, 197, 217, 201, 202, 193, 194, 195, 216, None, 215, 198, 190, 210, 196, 207, 224, 191, 192, 204, 219, 611, 199, 209, 520, 218, 222, 208, 205, 188, 223, 206, 214, 203, 189, 397, 417, 395, 407, 431, 432, 434, 419, 72, 426, 406, 391, 416, 638, 433, 300, 400, 430, 437, 422, 429, 413, 436, 423, 396, 435, 421, 427, 411, 402, 390, 412, 404, 418, 536, 410, 415, 409, 428, 639, 399, 336, None, 405, 392, 393, 667, 401, 398, 420, 394, 722, 462, 439, 444, 441, 455, 451, 446, 438, 454, 445, 461, 442, 456, 452, 459, 641, 672, 676, None, 669, 675, 458, 449, 460, 457, 450, 440, 443, 448, 447, None, 673, 453, 476, 471, 478, 498, 472, 467, 487, 475, 499, 473, 500, 479, 466, 477, 485, 489, 490, 470, 482, 481, 488, 496, 494, 492, 493, 480, 495, 497, 665, 486, 468, 474, 484, 189, 386, 483, 154, 502, 130, 173, 134, 144, 159, 133, 125, 180, 119, 633, 167, None, 183, 163, 138, 150, 141, 143, 182, 166, 164, 118, 514, 129, 160, 155, 162, 131, 148, 178, 186, 139, None, 122, 140, None, 137, 185, 121, 175, 151, 123, 24, 142, 126, 152, 153, 456, None, 158, 120, 187, 136, 135, 179, 170, 161, 184, 640, 145, 659, 165, 177, 132, 172, 124, 169, 171, 649, 660, 649, 17, 629","8,10,23,24,27,9"
637,UEI-IMD-FL-1974-0003,01-07-1974 00:00,07-08-1974 00:00,38.0,heavy rains,,Mumbai (Colaba),Maharashtra,,,,,50.0,,,,50 lifes were lost,"Recorded,exceptionally heavy rainfall of 58cm in Twenty Four hours on 5th July, which was the highest on record. Low level areas in Mumbai were heavily flooded,city life was completely paralysed. Damage to Railway,public property was estimated at Rs. 6 crores.",IMD,,,27
657,UEI-IMD-FL-1975-0018,20-06-1975 00:00,06-09-1975 00:00,79.0,heavy rains,,Mumbai,Maharashtra,,,,,,,,,,"Flooded many low lying areas. Road traffic,telecommunicaton network were seriously affected. A number of lives were lost due to house collapses",IMD,,482,27
737,UEI-IMD-FL-1978-0042,08-06-1978 00:00,14-06-1978 00:00,7.0,"moderate to severe, moderate",,"Beed, Mumbai",Maharashtra,,,,,9.0,6.0,,,"9 people died,injured to 6 persons , Floods between Kurla,V.T. disrupted road/rail traffic,telecommunications",Torrential rains,IMD,,"470, 482",27
739,UEI-IMD-FL-1978-0044,08-07-1978 00:00,14-07-1978 00:00,7.0,moderate,,Mumbai,Maharashtra,,,,,1.0,,,,1 child killed in a landslide,Road traffic dislocated,IMD,,482,27
795,UEI-IMD-FL-1979-0033,24-06-1979 00:00,24-06-1979 00:00,1.0,flash floods,,Mumbai,Maharashtra,,,,,2.0,,,,2 children died in house collapse,i)Several areas flooded ii)train services/telephone ervices/road transportation disrupted,IMD,,482,27
854,UEI-IMD-FL-1980-0031,15-06-1980 00:00,15-06-1980 00:00,1.0,heavy rains,,Mumbai,Maharashtra,,,,,1.0,2.0,,,"1 girl died,2 persons injured in wall collapse","i)City life paralysed ii)Rail tracks,low lying areas flooded iii)Transport services disrupted iv)Telephone services went away",IMD,,482,27
855,UEI-IMD-FL-1980-0032,01-07-1980 00:00,07-07-1980 00:00,7.0,heavy rains,,Mumbai,Maharashtra,,,,,2.0,5.0,,,"2 persons died,5 injured in houses collapse","i)Low lying areas flooded ii)Vehicular traffic disrupted iii)Rail track on the Ambernath, Badlapur, section washed away iv)A fishing trawler sank in rough seas narrowly escaped from death",IMD,,482,27
856,UEI-IMD-FL-1980-0033,04-08-1980 00:00,04-08-1980 00:00,1.0,heavy rains,,Mumbai,Maharashtra,,,,,1.0,,,1,"1 woman,and a cow died on the spot due to electrocution",i)Low lying areas flooded ii)Rail tracks submerged dislocating train services iii)Vehicular traffic came to a standstill iv)Loading/unloading operations in the docks suspended,IMD,,482,27
857,UEI-IMD-FL-1980-0034,21-08-1980 00:00,22-08-1980 00:00,2.0,heavy rains,,Mumbai,Maharashtra,,,,,45.0,,,,45 persons lost their lives due to drowning/house collapse/electrocution,"i)The tiny streams of Dahisar,Paoisor inundated surrounding residential areas,many slums flooded ii)600 people rescued from trees/roof tops by fire-brigade iii)Suburbanan train services suspended iv)300 huts washed away",IMD,,482,27
929,UEI-IMD-FL-1981-0046,22-06-1981 00:00,28-06-1981 00:00,7.0,heavy rains,,Mumbai,Maharashtra,,,,,,,,,,(i)City transport system thrown out of gear (ii)Telephone sysrtem disrupted (iii)Sub urban rail services disrupted ,IMD,,482,27
936,UEI-IMD-FL-1981-0053,22-08-1981 00:00,28-08-1981 00:00,7.0,heavy rains,,Mumbai,Maharashtra,,,,,12.0,,,,12 persons died,7 building collapsed,IMD,,482,27
940,UEI-IMD-FL-1981-0057,15-09-1981 00:00,21-09-1981 00:00,7.0,heavy rains,,Mumbai,Maharashtra,,,,,20.0,,,,20 persons feared dead in house collapse/landslip,"(i)Rail tracks,low lying areas remained submerged (ii)Many hutments colonies /Slum dwellers badly hit (iii)7 buildings collapsed (iv)Hundreds of residents of a new housing colony worst suffered",IMD,,482,27
1094,UEI-IMD-FL-1983-0060,24-06-1983 00:00,24-06-1983 00:00,1.0,heavy rains,,Mumbai,Maharashtra,,,,,,3.0,,,3 persons injured when a compound wall of a house collapsed ,"(i)Commercial life of the city, came to a  standstill, as the flood water submeerged low lying areas,hutment colonies (ii)Vehicular,railway traffic disrupted",IMD,,482,27
1200,UEI-IMD-FL-1984-0057,15-06-1984 00:00,15-06-1984 00:00,1.0,heavy rains,,Mumbai,Maharashtra,,,,,,,,,,i)Low lying areas flooded ii)Vehicular traffic disrupted iii)Airflights delayed or diverted to Delhi,IMD,,482,27
1201,UEI-IMD-FL-1984-0058,30-06-1984 00:00,02-07-1984 00:00,3.0,"heavy rains, moderate, severe",,"Amravati, Mumbai, Kolhapur, Mumbai, Mumbai Suburban, Raigad, Ratnagiri, Sindhudurg, Thane, Palghar, Nashik",Maharashtra,,,,,13.0,,,,"A Twenty Four year old woman,11 year old girl washed away while crossing nullah at Sukali village, 8 km from Amravati, 1 person electrucated at Sion, 3 persons swept away in Shirol,Ajara talukas, 5 persons died, 2 persons died in a wall collapse at Mahasrul village","i)Low lying areas in the city remained submerged under water for two days , ii)Century's second highest rainfall 54.0 cm in a day recorded by Colaba observatory on 2nd July iii)All low lying areas on both sides of railway lines,a large number of roads submerged under water disrupting railway,vehicular traffic iv)Telecommunication system disrupted v)All principal markets closed vi)Vehicular traffic on Ichalkaranji - Nipani, Kolhapur - Sadoli Khalsa,Gadhinglaj - Nesari, routes,suspended vii)Area under Sangameshwar, Chiplun,Rajapur Police Stations inundated. Sangameshwar market submerged under water viii)Kubadwadi villages encircled by water ix)Heavy damage to crops reported x)Vehicular traffic on Gargoti-Ratnagiri,Gargoti-Chandgad suspended as the connecting roads badly damaged xi)Mumbai-Goa National Highway blocked for 3 dyas due to landslide near Dhamani xii)Vehicular traffic on Poladpurmasla road suspended due to breaches at three places xiii)State Transportation bus service patially or totally suspended",IMD,,"468, 482, 480, 482, 483, 491, 492, 495, 497, 665, 487",27
1203,UEI-IMD-FL-1984-0060,03-07-1984 00:00,04-07-1984 00:00,2.0,heavy rains,,Mumbai,Maharashtra,,,,,6.0,,,,"6 slum-dwellers died,many other injured when,overhead H.T. cable fell on their huts at Antop hill in north Mumbai on 3rd","i)All low lying areas inundated ii)Long distance train from Mumbai ran indefinitely late,some trains cancelled. Thousands of passengers stranded iii)9000 telephones reported dead due to 36 cable faults",IMD,,482,27
1205,UEI-IMD-FL-1984-0062,17-07-1984 00:00,18-07-1984 00:00,2.0,heavy rains,,Mumbai,Maharashtra,,,,,11.0,,,,11 fishermen reported missing feared to be drowned,"i)2 fishing trawlers 'Almadani','Wageshwari' capsized across Mumbai harbour ii)Several low lying areas flooded iii)Vehicular traffic disrupted",IMD,,482,27
1206,UEI-IMD-FL-1984-0063,17-07-1984 00:00,19-07-1984 00:00,3.0,severe,,"Mumbai, Mumbai Suburban, Raigad, Ratnagiri, Sindhudurg, Thane, Palghar",Maharashtra,,,,,312.0,,,,"i)12 persons swept away in flood water ii)300 people,a large number of cattle reported missing","i)2 fishing vessels capsized off Raigarh coast ii)Sassoon dock in Colaba remained chocked with about 500 trawlers iii)Mumbai - Goa National Highway closed for traffic due to landslide near Nadgao, 6 km from Mahad",IMD,,"482, 483, 491, 492, 495, 497, 665",27
1214,UEI-IMD-FL-1984-0071,12-09-1984 00:00,12-09-1984 00:00,1.0,heavy rains,,Mumbai,Maharashtra,,,,,,1.0,,,1 person injured,i)Several low lying areas flooded ii)50 drams containing chemicals cought fire at Haji Bunder iii)Several cases of Short-circuits reported,IMD,,482,27
1292,UEI-IMD-FL-1985-0042,11-06-1985 00:00,11-06-1985 00:00,1.0,heavy rains,,Mumbai,Maharashtra,,,,,,,,,,"i)City life completely paralysed ii)Rail,road communication completely disrupted iii)Low lying areas submerged",IMD,,482,27
1294,UEI-IMD-FL-1985-0044,16-06-1985 00:00,16-06-1985 00:00,1.0,"heavy rains, flash flood",,"Mumbai, Jalgaon, Ratnagiri, Thane",Maharashtra,,,,,9.0,17.0,,,"5 persons (including 2 children) died,8 other injured in a house collapse, 4 women (including a minor girl) died,3 men injured at Phokari,Morgaon villages, 6 people injured in a wall collapse at Gautamnagar colony","i)Normal life completely paralysed ii)Suburbanan transport service disrupted iii)Loading/unloading operations at the port affected iv)Domestic/International flights delayed v)Fire brigade attended 30 calls of electric short-circuit , i)Low lyong areas of Sangameshwar,Dapoli, Chiplun,Khed submerged under flood water ii)Road communication between Ratnagiri,other parts of the state completely suspended",IMD,,"482, 478, 492, 497",27
1295,UEI-IMD-FL-1985-0045,25-06-1985 00:00,25-06-1985 00:00,1.0,heavy rains,,Mumbai,Maharashtra,,,,,24.0,33.0,,,"24 people died,33 injured in separate wall collapse incidents at Tardeo,Byculla","i)41.4 cm of rainfall recorded at Colaba observatory during Twenty Four hours period ending 1730 hrs of 25th June ii)Road traffic disrupted due to flooding Konkan bound State Transportation Service from Mumbai suspended iii)Thousands of people affected iv)Long distance outgoing trains on the Western Railway cancelled, while incoming trains terminated outside the city at various points v)Suburbanan train services on Western,Central railways completely paralysed",IMD,,482,27
1380,UEI-IMD-FL-1986-0056,28-06-1986 00:00,28-06-1986 00:00,1.0,heavy rains,,"Mumbai,Thane",Maharashtra,,,,,4.0,,,,4 people died,,IMD,,"482, 497",27
1385,UEI-IMD-FL-1986-0061,07-08-1986 00:00,07-08-1986 00:00,1.0,"heavy rains, severe",,"Mumbai, Ratnagiri, Sindhudurg,Thane",Maharashtra,,,,,2.0,,,,2 persons died,"i)Railway service along central railway (main,harbour lines) totally disrupted ii)Railway track between Kurla-Vidyavihar, Bhandup-Kanjurmarg,Chunabhatti-Kurla stations submerged under knee-drop water iii)Fire brigade attended 5 minor landslide incidents iv)All south-bound long distance trains cancelled due tolandslides in Khandala ghat ssection v)Bus services from Mumbai ran 2-3 hours late vi)IA flights from Mumbai delayed , All the rivers flowing through these districts in spate , disrupting road traffic , In Thane city, more than 250 huts washed away rendering many people homeless i)Firemen rescued 250 persons from Shrirang Society Housing Complex ii)Low lying areas flooded with Chest-deep water iii)Property worth Rs. 18.72 lakhs damaged",IMD,,"482, 492, 495, 497",27
1506,UEI-IMD-FL-1988-0053,14-06-1988 00:00,14-06-1988 00:00,1.0,heavy rains,,"Mumbai, Nashik",Maharashtra,,,,,2.0,9.0,,,"1 person died when a portion of a small hillock collapsed, One person died,9 other injured",,IMD,,"482, 487",27
1507,UEI-IMD-FL-1988-0054,15-06-1988 00:00,15-06-1988 00:00,1.0,heavy rains,,Mumbai,Maharashtra,,,,,,,,,,"i)160 local trains cancelled ii)Railway tracks at Mumbai central, Musjid, Grand Road,Mahalaxmi flooded",IMD,,482,27
1511,UEI-IMD-FL-1988-0058,16-07-1988 00:00,16-07-1988 00:00,1.0,heavy rains,,"Mumbai,Thane",Maharashtra,,,,,1.0,10.0,,,"i)1 girl died,5 other injured when  a portion of a compound wall collapsed at Ghatkopar ii)4 persons, 2 each at Bandra,Mumbai central injured in hut collapse , 1 person drowned in flooded Nala at Ulhasnagar area ","i)Normal city life completely disrupted ii)119 local trains cancelled iii)Movement of the incoming long distance trains badly affected iv)Vehicular traffic badly affected , i)Bail Bazar,Shivaji Chowk area of Kalyan town innundated by flood water ii)Hundreds of families of hutmens dwellers shifted to safer places iii)Vehicular traffic on Thane-Belapur road suspended",IMD,,"482, 497",27
1515,UEI-IMD-FL-1988-0062,23-07-1988 00:00,23-07-1988 00:00,1.0,heavy rains,,Mumbai,Maharashtra,,,,,8.0,,,,8 persons died when a portion of a hillock slipped on the hutments at Ghatkopar,,IMD,,482,27
1526,UEI-IMD-FL-1988-0073,22-09-1988 00:00,22-09-1988 00:00,1.0,heavy rains,,Mumbai,Maharashtra,,,,,1.0,,,,1 fisherman died when the boat capsized off the coast,,IMD,,482,27
1528,UEI-IMD-FL-1988-0075,28-09-1988 00:00,28-09-1988 00:00,1.0,heavy rains,,"Mumbai, Buldhana",Maharashtra,,,,,2.0,,,,"1 women,her one year old son crushed to death in a landslide at Utkarshnagar colony, Bhandup (east)","i)City life completely paralysed ii)On central railway, local,through train services completely disrupted due to flooding of tracks between Byculla,V.T. iii)Loading,unloading of the dock-yard suspended iv)Fire bridge attended 132 calls , Property worth Rs. 1.60 crore damaged",IMD,,"482, 472",27
1530,UEI-IMD-FL-1988-0077,03-10-1988 00:00,03-10-1988 00:00,1.0,heavy rains,,"Ahmednagar, Mumbai",Maharashtra,,,,,12.0,18.0,,,"12 persons killed,18 other injured in a compound wall collapse","i)70 bunds washed away in Sangamner taluka ii)Paddy crop suffered heavy loss , i)City life completely paralysed ii)19 hutmens damaged iii)Road, railway,air traffic completely disrupted",IMD,,"466, 482",27
1597,UEI-IMD-FL-1989-0039,23-07-1989 00:00,25-07-1989 00:00,3.0,severe,,"Aurangabad, Beed, Mumbai, Jalna, Kolhapur, Nanded, Dharashiv, Parbhani, Pune, Raigarh, Ratnagiri,Sangli",Maharashtra,,,,,917.0,,,14000,"i)917 people died ii)14,000 cattleheads perished","i)1.1 lakh houses eitherfully or partially damaged ii)2 lakh families rendered homeless iii)50 villages in Bid, Nanded,Raigarh marooned iv)Damage to building,road,power stations estimated to be worth rs. 91 crores v)In Raigarh district, entire hutmen colony on the bank of Patalganga river completely wiped out. 72cms. of rain in Twenty Four hours period reported vi)In Mumbai, local train services as well as long distance trains cancelled. Mumbai recorded highest rainfall since 1984 vii)In Beed district, Beed town razed to ground. viii)In Pune district, Bhaje village completely wiped out due to landslide. Pune-Mumbai train services suspended.",IMD,,"189, 470, 482, 479, 480, 485, 488, 489, 490, 386, 492, 493",27
1656,UEI-IMD-FL-1990-0038,15-06-1990 00:00,16-06-1990 00:00,2.0,heavy rains,,"Mumbai,Thane",Maharashtra,,,,,22.0,,,,22 persons died,"i)Highest rainfall recorded in the last 104 year ii)Normal life completely paralysed iii)Shops, educational institutions, main market, business,commercial establishment remained close iv)Local train services completely disrupted v)Power services broke down",IMD,,"482, 497",27
1657,UEI-IMD-FL-1990-0039,16-06-1990 00:00,17-06-1990 00:00,2.0,heavy rains,,"Mumbai,Nanded",Maharashtra,,,,,7.0,2.0,,,7 persons including 2 children died,,IMD,,"482, 485",27
1658,UEI-IMD-FL-1990-0040,17-06-1990 00:00,17-06-1990 00:00,1.0,heavy rains,,"Mumbai,Thane",Maharashtra,,,,,21.0,,,,"8 persons drowned,6 other electrocuted in Mumbai while 7 other died in Thane",,IMD,,"482, 497",27
1659,UEI-IMD-FL-1990-0041,26-06-1990 00:00,27-06-1990 00:00,2.0,heavy rains,,Mumbai,Maharashtra,,,,,10.0,53.0,,3,"i)10 persons died,53 other injured in a building collapse at Pydonie ii)3 cattleheads perished","i)Normal life completely paralysed ii)A section of a Military Barrack,two compound walls at Walkeswara,Jogeswari collpased iii)Vehicular traffic disrupted",IMD,,482,27
1661,UEI-IMD-FL-1990-0043,15-08-1990 00:00,15-08-1990 00:00,1.0,heavy rains,,Mumbai,Maharashtra,,,,,2.0,,,,2 women died due to landslide at east Kurla,,IMD,,482,27
1663,UEI-IMD-FL-1990-0045,17-08-1990 00:00,17-08-1990 00:00,1.0,heavy rains,,"Mumbai, Wardha",Maharashtra,,,,,8.0,9.0,,,"6 perosns died,9 other injured in a house collapse , 1 person drowned,another missing when a track washed away at Hinganghat",,IMD,,"482, 498",27
1668,UEI-IMD-FL-1990-0050,21-08-1990 00:00,21-08-1990 00:00,1.0,heavy rains,,Mumbai,Maharashtra,,,,,10.0,4.0,,,"10 persons died,4 other injured when a compound wall collapsed at Sion",,IMD,,482,27
1671,UEI-IMD-FL-1990-0053,24-09-1990 00:00,24-09-1990 00:00,1.0,heavy rains,,Mumbai,Maharashtra,,,,,,,,,,"i)Normal life completely paralysed ii)Local train services suspended iii)City Stock Exchange,oil seed market remained close iv)Power supply disrupted at many parts of the city v)Indian Airline flights delayed",IMD,,482,27
1778,UEI-IMD-FL-1991-0058,07-06-1991 00:00,10-06-1991 00:00,4.0,heavy rains,,"Mumbai,Thane",Maharashtra,,,,,74.0,100.0,,2550,"i)74 persons died,100 other injured ii)2,500 cattleheads perished","i)City life completely paralysed ii)66 trees uprooted iii)Train services for suburban,long distance disrupted both on central,western railway iv)Electric supply switched off in several areas due to short circuit v)Mumbai International Airport closed for 16 hours on 9th",IMD,,"482, 497",27
1782,UEI-IMD-FL-1991-0062,13-07-1991 00:00,13-07-1991 00:00,1.0,heavy rains,,"Mumbai, Buldhana, Nagpur",Maharashtra,,,,,5.0,,,,"4 women died at Mokodi village in Malkapur tehsil , A child washed away at Nanabhau Peth",All the huts in low lying areas submerged under water,IMD,,"482, 472, 484",27
1783,UEI-IMD-FL-1991-0063,16-07-1991 00:00,17-07-1991 00:00,2.0,heavy rains,,Mumbai,Maharashtra,,,,,,,,,,i)Hutmen's dweller worst affected ii)Entire eastern portion of a five storeyed vacant building in Kohinoor mill compound collapsed iii)14 trains on Western railway cancelled,IMD,,482,27
1786,UEI-IMD-FL-1991-0066,27-07-1991 00:00,27-07-1991 00:00,1.0,heavy rains,,Mumbai,Maharashtra,,,,,4.0,,,,4 fishermen drowned when a trawler capsized,"i)7,000 people given a temporary accommodation at municipal primary school,1,200 slum dwellers shifted to safer places ii)Suburbanan,long distance train services on western,central railway disrupted",IMD,,482,27
1884,UEI-IMD-FL-1992-0038,18-07-1992 00:00,19-07-1992 00:00,2.0,heavy rains,,Mumbai,Maharashtra,,,,,7.0,,,,7 persons died due to house collapse,"i)Low lying areas flooded ii)Suburbanan train services both on western,central railway disrupted",IMD,,482,27
1885,UEI-IMD-FL-1992-0039,22-07-1992 00:00,28-07-1992 00:00,7.0,heavy rains,,Mumbai,Maharashtra,,,,,9.0,,,,9 persons died,,IMD,,482,27
1886,UEI-IMD-FL-1992-0040,04-08-1992 00:00,04-08-1992 00:00,1.0,heavy rains,,Mumbai,Maharashtra,,,,,2.0,,,,2 persons injured,i)Normal life completely paralysed ii)Low lying areas flooded iii)Suburbanan train services delayed,IMD,,482,27
1887,UEI-IMD-FL-1992-0041,12-08-1992 00:00,12-08-1992 00:00,1.0,heavy rains,,Mumbai,Maharashtra,,,,,,,,,,"i)Low lying areas flooded ii)120 trains on mainline,60 on harbour cancelled due to flooding of tracks,signal failures iii)Electric supply snapped at many places",IMD,,482,27
1890,UEI-IMD-FL-1992-0044,16-08-1992 00:00,16-08-1992 00:00,1.0,heavy rains,,Mumbai,Maharashtra,,,,,3.0,,,,3 persons of a family including a girl drowned at Aksa bridge near Malad,,IMD,,482,27
1893,UEI-IMD-FL-1992-0047,02-09-1992 00:00,02-09-1992 00:00,1.0,heavy rains,,"Akola, Mumbai, Yavatmal",Maharashtra,,,,,2.0,2.0,,,"2 persons died,2 other injured , Several animals swept away in Pusad",i)Normal life paralysed ii)Low lying areas flooded iii)Local train on central railway were running behind schedule,IMD,,"467, 482, 500",27
1977,UEI-IMD-FL-1993-0041,18-06-1993 00:00,18-06-1993 00:00,1.0,heavy rains,,Mumbai,Maharashtra,,,,,3.0,6.0,,,"3 persons died,6 others injured when a cluster of butments crashed at Mabakali Nagar in Worli Koliwada.",,IMD,,482,27
1980,UEI-IMD-FL-1993-0044,13-07-1993 00:00,15-07-1993 00:00,3.0,heavy rains,,Mumbai,Maharashtra,,,,,,1.0,,,A 12-year old boy injured due to wall collapse at Bhandup.,(1) Normal life paralysed. (ii) Low lying areas flooded.,IMD,,482,27
1987,UEI-IMD-FL-1993-0051,22-09-1993 00:00,23-09-1993 00:00,2.0,heavy rains,,Mumbai,Maharashtra,,,,,,,,,"35 persons died,50 others injured in a landslide at Sakinaka.",,IMD,,482,27
1988,UEI-IMD-FL-1993-0052,27-09-1993 00:00,27-09-1993 00:00,1.0,heavy rains,,Mumbai,Maharashtra,,,,,,4.0,,,4 persons including a 12-year girl injured at Antop Hill.,,IMD,,482,27
1990,UEI-IMD-FL-1993-0054,18-10-1993 00:00,18-10-1993 00:00,1.0,heavy rains,,"Mumbai, Buldhana, Dharashiv ",Maharashtra,,,,,23.0,,,,2 persons died at Vashi. 4 persons died at Dewulgaonraj village.  17 persons feared killed when a truck plunged into Ullappa river at Parananda village. ,,IMD,,"482, 472, 488",27
2098,UEI-IMD-FL-1994-0065,27-06-1994 00:00,27-06-1994 00:00,1.0,heavy rains,,Mumbai,Maharashtra,,,,,,20.0,,,20 people injured in a landslide at salpha village in Ghatkopar,"i)On central railway 68 trains running on main line,48 running on harbour line cancelled ii)BEST buses diverted their routes due to waterlogging",IMD,,482,27
2103,UEI-IMD-FL-1994-0070,11-07-1994 00:00,12-07-1994 00:00,2.0,heavy rains,,Mumbai,Maharashtra,,,,,,,,,,i)Large number of trees uprooted ii)Several incidents of short-circuits reported iii)30 trains on western railway cancelled due to flooding of the railway tracks,IMD,,482,27
2106,UEI-IMD-FL-1994-0073,12-07-1994 00:00,12-07-1994 00:00,1.0,heavy rains,,Mumbai,Maharashtra,,,,,2.0,5.0,,,"2 persons died,5 other injured due to falling of trees",15 trees uprooted,IMD,,482,27
2107,UEI-IMD-FL-1994-0074,13-07-1994 00:00,13-07-1994 00:00,1.0,heavy rains,,"Mumbai, Pune",Maharashtra,,,,,51.0,8.0,,,"i)1 persons died at Sakinaka due to wall collapase ii)5 persons injured at Chembur due to landslide iii)3 persons injured at Nalasopara when a boulder fell on a house , 50 persons feared buried in a landslide near Bhimashankar in Ambegaon tehsil",i)20 huts ituated to the east of Dimbe dam swept away ii)Machinery worth Rs. 10 lakhs installed at the dam site damaged iii)Road link between several small villages snapped,IMD,,"482, 490",27
2108,UEI-IMD-FL-1994-0075,14-07-1994 00:00,14-07-1994 00:00,1.0,heavy rains,,Mumbai,Maharashtra,,,,,2.0,5.0,,,"i)2 persons died,2 other injured at Kurla when a portion of a 70-year old building collapsed ii)3 persons injured at Navynagar due to wall collapsed",,IMD,,482,27
2109,UEI-IMD-FL-1994-0076,18-07-1994 00:00,18-07-1994 00:00,1.0,heavy rains,,Mumbai,Maharashtra,,,,,,,,,,"Suburbanan,long distance train services on central,western railways disrupted",IMD,,482,27
2114,UEI-IMD-FL-1994-0081,29-08-1994 00:00,31-08-1994 00:00,3.0,heavy rains,,Mumbai,Maharashtra,,,,,4.0,,,,4 persons died,Suburbanan rail service completely disrupted,IMD,,482,27
2116,UEI-IMD-FL-1994-0083,31-08-1994 00:00,31-08-1994 00:00,1.0,heavy rains,,Mumbai,Maharashtra,,,,,2.0,8.0,,,"2 persons died,8 other injured at Vikroli when a 20 feet wall collapsed,fell over 4 huts",,IMD,,482,27
2119,UEI-IMD-FL-1994-0086,03-09-1994 00:00,03-09-1994 00:00,1.0,heavy rains,,"Mumbai, Thane",Maharashtra,,,,,10.0,,,,"8 persons died in different wall/house collapse incidents, 2 persons died",,IMD,,"482, 497",27
2225,UEI-IMD-FL-1995-0068,01-08-1995 00:00,01-08-1995 00:00,1.0,heavy rains,,Mumbai,Maharashtra,,,,,2.0,1.0,,,2 persons including 1 woman injured,i)Low lying areas submerged ii)Vehicular traffic completely disrupted iii)Local train services completely disrupted due to flooding of rilway tracks iv)Several long distance trains terminated at Karjat,IMD,,482,27
2228,UEI-IMD-FL-1995-0071,01-09-1995 00:00,02-09-1995 00:00,2.0,heavy rains,,"Mumbai,Thane",Maharashtra,,,,,5.0,,,,5 persons including 2 children drowned,"i)Low lying areas flooded ii)Normal life paralysed iii)Local train services disrupted iv)Long distance trains delayed v)The basement of General Post Office C.S. Terminus flood,500 bundles of mail destroyed vi)Mumbai-Pune Express train/Air line services delayed",IMD,,"482, 497",27
2388,UEI-IMD-FL-1996-0071,17-06-1996 00:00,17-06-1996 00:00,1.0,heavy rains,,Mumbai,Maharashtra,,,,,,,,,,A portion of a building collpased in South Mumbai,IMD,,482,27
2389,UEI-IMD-FL-1996-0072,18-06-1996 00:00,19-06-1996 00:00,2.0,heavy rains,,"Kolhapur, Mumbai, Thane, Pune",Maharashtra,,,,,6.0,9.0,,,i)6 fishermen reported missing when a trawler capsized in high sea ii)9 persons injured due to wall collapsed in Dahisar,"i)Normal life completely paralysed ii)Vehicular traffic on Pune-Bengaluru Rural national highway disrupted , i)Normal life paralysed ii)Low lying areas flooded iii)Several houses collapsed iv)Several trees/electric poles uprooted disrupted vehicular/electric supply/railway services v)32 trees uprooted in Kalyan town vi)Large number of land slides reported in different parts of the city",IMD,,"480, 482, 497, 490",27
2391,UEI-IMD-FL-1996-0074,02-07-1996 00:00,02-07-1996 00:00,1.0,heavy rains,,Mumbai,Maharashtra,,,,,,,,,,"Overhead equipments of trains damaged,the tracks submerged under 8 inches of water",IMD,,482,27
2392,UEI-IMD-FL-1996-0075,11-07-1996 00:00,11-07-1996 00:00,1.0,heavy rains,,Mumbai,Maharashtra,,,,,1.0,11.0,,,"1 child died,11 other injured in Dharavi area",,IMD,,482,27
2393,UEI-IMD-FL-1996-0076,15-07-1996 00:00,21-07-1996 00:00,7.0,heavy rains,,"Mumbai, Thane",Maharashtra,,,,,16.0,6.0,,,"i)15 persons died,6 other injured ii)1 child died due to wall collapse in Borivali","i)Normal life completely paralysed ii)10 houses damaged in Thane iii)Suburbanan railway services completely disrupted iv)One multi storeyed building collapsed,several houses in Mumbai damaged v)3,000 people shifted to safer places in Ulhasnagar vi)Low lying areas flooded vii)Public transport completely disrupted",IMD,,"482, 497",27
2394,UEI-IMD-FL-1996-0077,25-08-1996 00:00,25-08-1996 00:00,1.0,heavy rains,,Mumbai,Maharashtra,,,,,,,,,,i)Railway train schedule collapsed ii)Vehicular traffic blocked,IMD,,482,27
2399,UEI-IMD-FL-1996-0082,26-09-1996 00:00,05-10-1996 00:00,10.0,heavy rains,,"Gondia, Bhandara, Jalgaon, Wardha, Buldhana, Akola, Nashik, Gadchiroli, Washim, Chandrapur, Yavatmal, Jalna, Ahmednagar, Hingoli, Nanded, Parbhani, Pune, Beed, Mumbai, Latur, Dharashiv, Solapur, Satara, Ratnagiri, Sangli, Kolhapur, Sindhudurg, Thane, Palghar, Nandurbar, Amravati, Dhule, Nagpur, Aurangabad, Raigarh, Mumbai Suburban",Maharashtra,,,,,34.0,,,2003,"i)26 persons died,8 other missing ii)3 cattleheads,2000 birds perished","i)13 district affected ii)2,021 houses damaged. Loss estimated to worth Rs. 47,46,000/- iii)12 cowsheds worth Rs. 34,000/- damaged iv)Property worth Rs. 1,18,00,000/- in 30 taluks of 13 districts damaged v)Crops in 170 hectares of land destroyed while 116 hectares of agriculture land inundated. Loss estimated to worth Rs. 44,19,000/-",IMD,,"476, 471, 478, 498, 472, 467, 487, 475, 499, 473, 500, 479, 466, 477, 485, 489, 490, 470, 482, 481, 488, 496, 494, 492, 493, 480, 495, 497, 665, 486, 468, 474, 484, 189, 386, 483",27
2506,UEI-IMD-FL-1997-0059,18-06-1997 00:00,23-06-1997 00:00,6.0,heavy rains,,"Mumbai, Mumbai Suburban,Thane",Maharashtra,,,,,16.0,24.0,,,"16 persons died,24 injured at different places due to landslide/uprooting of trees/blown off roof-tops of houses",i)150 houses badly damaged ii)Telephone services disrupted,IMD,,"482, 483, 497",27
2507,UEI-IMD-FL-1997-0060,21-06-1997 00:00,21-06-1997 00:00,1.0,heavy rains,,Mumbai Suburban,Maharashtra,,,,,1.0,6.0,,,"1 person died,6 other injured due to landslide at Ghatkopar",,IMD,,483,27
2508,UEI-IMD-FL-1997-0061,29-06-1997 00:00,29-06-1997 00:00,1.0,heavy rains,,"Mumbai, Pune",Maharashtra,,,,,1.0,8.0,,,"1 persosn died,8 other injured due to building collapse","15 poles uprooted wires snapped off, disrupting telephone services in Purandar, Neera, Walhe, Vir,Parinche areas",IMD,,"482, 490",27
2509,UEI-IMD-FL-1997-0062,05-07-1997 00:00,07-07-1997 00:00,3.0,heavy rains,,"Mumbai, Mumbai Suburban, Raigarh, Ratnagiri, Sindhudurg,Thane",Maharashtra,,,,,1.0,1.0,,,"i)1 person died,1 injured at Worli ii)A few passengers-b injured when a building near Metro cinema collapsed",i)Normal life disrupted ii)Railway communication disrupted iii)Waterlogging at many places reported iv)Business in flower/vegetable/fruit markey affected v)3 cars crushed under a wall collpased at Worli vi)A few trees uprooted,IMD,,"482, 483, 386, 492, 495, 497",27
2514,UEI-IMD-FL-1997-0067,02-08-1997 00:00,02-08-1997 00:00,1.0,heavy rains,,"Mumbai, Kolhapur",Maharashtra,,,,,8.0,21.0,,,"6 persons died,21 other injured, 2 persons washed away",One building collapsed in South Mumbai,IMD,,"482, 480",27
2518,UEI-IMD-FL-1997-0071,22-08-1997 00:00,24-08-1997 00:00,3.0,heavy rains,,"Gondia, Bhandara, Jalgaon, Wardha, Buldhana, Akola, Nashik, Gadchiroli, Washim, Chandrapur, Yavatmal, Jalna, Ahmednagar, Hingoli, Nanded, Parbhani, Pune, Beed, Mumbai, Latur, Dharashiv, Solapur, Satara, Ratnagiri, Sangli, Kolhapur, Sindhudurg, Thane, Palghar, Nandurbar, Amravati, Dhule, Nagpur, Aurangabad, Raigarh, Mumbai Suburban",Maharashtra,,,,,40.0,,,,"i)40 persons died of which 25 from Mumbai,Thane alone ii)Dozens of people injured",i)Several thousand people rendered homeless ii)Normal life disrupted iii)Road/ Railway traffic paralysed,IMD,,"476, 471, 478, 498, 472, 467, 487, 475, 499, 473, 500, 479, 466, 477, 485, 489, 490, 470, 482, 481, 488, 496, 494, 492, 493, 480, 495, 497, 665, 486, 468, 474, 484, 189, 386, 483",27
2534,UEI-IMD-FL-1997-0087,06-12-1997 00:00,08-12-1997 00:00,3.0,heavy rains,,Mumbai,Maharashtra,,,,,,,,,,i)Train services delayed ii)Normal life affected,IMD,,482,27
2662,UEI-IMD-FL-1998-0071,27-06-1998 00:00,28-06-1998 00:00,2.0,heavy rains,,Mumbai,Maharashtra,,,,,5.0,,,,5 persons died,Rail/road traffic disrupted,IMD,,482,27
2663,UEI-IMD-FL-1998-0072,01-07-1998 00:00,02-07-1998 00:00,2.0,heavy rains,,"Buldhana, Mumbai,Thane",Maharashtra,,,,,14.0,,,,"13 persons died, 1 person died",Traffic disrupted due to waterlogging,IMD,,"472, 482, 497",27
2665,UEI-IMD-FL-1998-0074,12-07-1998 00:00,12-07-1998 00:00,1.0,heavy rains,,Mumbai,Maharashtra,,,,,2.0,,,,2 persons died,"Low lying areas submerged,traffic disrupted",IMD,,482,27
2767,UEI-IMD-FL-1999-0058,17-06-1999 00:00,17-06-1999 00:00,1.0,heavy rains,,"Mumbai, Jalgaon",Maharashtra,,,,,2.0,5.0,,,"2 persons died, 5 persons drowned in a stream at Mohgarh","Thousand of commuters stranded at various suburbs due to water logging,local trains running behind schedule",IMD,,"482, 478",27
2769,UEI-IMD-FL-1999-0060,23-06-1999 00:00,24-06-1999 00:00,2.0,heavy rains,,"Gondia, Bhandara, Jalgaon, Wardha, Buldhana, Akola, Nashik, Gadchiroli, Washim, Chandrapur, Yavatmal, Jalna, Ahmednagar, Hingoli, Nanded, Parbhani, Pune, Beed, Mumbai, Latur, Dharashiv, Solapur, Satara, Ratnagiri, Sangli, Kolhapur, Sindhudurg, Thane, Palghar, Nandurbar, Amravati, Dhule, Nagpur, Aurangabad, Raigarh, Mumbai Suburban",Maharashtra,,,,,21.0,,,,"21 persons died,several injured","i)Railway services, road links disrupted ii)Substantial damage to property,agriculture reported",IMD,,"476, 471, 478, 498, 472, 467, 487, 475, 499, 473, 500, 479, 466, 477, 485, 489, 490, 470, 482, 481, 488, 496, 494, 492, 493, 480, 495, 497, 665, 486, 468, 474, 484, 189, 386, 483",27
2770,UEI-IMD-FL-1999-0061,15-07-1999 00:00,21-07-1999 00:00,7.0,heavy rains,,"Mumbai, Nashik, Pune, Raigarh, Ratnagiri,Thane",Maharashtra,,,,,22.0,10.0,,,"i)22 persons died,6 injured due to landslide in Mumbai ii)4 persons washed away in the river at Nashik","i)Multiple landslides due to torrential rains caused the worst traffic-jam in 20 years on Pune - Mumbai road,landslides also reported on Mumbai- Goa highway,Ratnagiri ii)Konkan railway services disrupted as the portion of rail track between Pen,Jite damaged iii)Extensive damage to property,agriculture reported",IMD,,"482, 487, 490, 386, 492, 497",27
2884,UEI-IMD-FL-2000-0081,08-07-2000 00:00,08-07-2000 00:00,1.0,heavy rains,,"Mumbai,Mumbai Suburban",Maharashtra,,,,,20.0,14.0,,,"5 persons died,15 people injured in building collapse, another 14 dead when boat sank",,IMD,,"482, 483",27
2886,UEI-IMD-FL-2000-0083,12-07-2000 00:00,12-07-2000 00:00,1.0,heavy rains,,"Mumbai,Mumbai Suburban",Maharashtra,,,,,66.0,52.0,,,"(i)65 died,50 injured seriouslyin Ghatkopar (ii)2 children drowned in Wakola,1 person died in Deonar","(i) Due to landslides in Ghatkopa, people residing at the footof the hill were buried alive, hutments crushed (ii)Long dsitance as well as local trains completely stopped, flights fromm Mumbai cancelled (iii) Commuters stranded everywhere as elevated areas were also flooded, water entered upto first floor in low lying areas (iv) Electric supply to several substations,feeders was switched off as a safety measure (v) fire brigade reported 25 major tree falls",IMD,,"482, 483",27
2888,UEI-IMD-FL-2000-0085,12-07-2000 00:00,12-07-2000 00:00,1.0,heavy rains,,"Mumbai, Mumbai Suburban, Raigad, Ratnagiri, Sindhudurg, Thane, Palghar",Maharashtra,,,,,,,,,,"(i) 35 landslides reported fom different places from Khed to Kundal on the Konkan railway tracks damaged completely (ii) The worst landslide  between Aravali-Aasurde reported at the opening of the tunnel 12. Waterflooded the 5km long  tunnel, destroying tunnel,the tracks completely",IMD,,"482, 483, 491, 492, 495, 497, 665",27
2993,UEI-IMD-FL-2001-0064,16-06-2001 00:00,18-06-2001 00:00,3.0,heavy rains,,"Mumbai,Thane",Maharashtra,,,,,8.0,6.0,,,"8 persons died,6 fishermen reported missing","(i)Central harbor,western railway services dispruted (ii)Thousand of huts flooded (iii) Many trees uprooted, walls collapsed,electric wires snapped off",IMD,,"482, 497",27
2999,UEI-IMD-FL-2001-0070,09-07-2001 00:00,10-07-2001 00:00,2.0,heavy rains,,Mumbai,Maharashtra,,,,,2.0,,,,2 persons died,Many trees uprooted,IMD,,482,27
3006,UEI-IMD-FL-2001-0077,19-09-2001 00:00,19-09-2001 00:00,1.0,heavy rains,,Mumbai ,Maharashtra,,,,,,2.0,,,2 persons drowned,,IMD,,482,27
3076,UEI-IMD-FL-2002-0038,22-06-2002 00:00,28-06-2002 00:00,7.0,heavy rains,,"Amravati, Bhandara, Buldhana, Dhule, Jalgaon, Mumbai, Nagpur, Nashik, Pune,Thane",Maharashtra,,,,,94.0,,,,(i)94 persons died (ii)500 animals perished,"(i)Bhiwandi, Dahanu,Palghar tehsils in Thane dist. worst affected (ii) Many houses collapsed (iii)Long distance trains departing from Mumbai Central,Western ailways cancelled, routes of many trains like Amritsar-Mumbai, Jaipur-Mumbai,etc. diverted (v)Railway bridge between Palghar,Bhoisar (Thane) Damaged completely (vi)Tomato crop in various tehsils like Junnar, Umbraj,Narayangaon infested with fungal growths causing heavy losses",IMD,,"468, 471, 472, 474, 478, 482, 484, 487, 490, 497",27
3077,UEI-IMD-FL-2002-0039,05-08-2002 00:00,07-08-2002 00:00,3.0,heavy rains,,Mumbai,Maharashtra,,,,,10.0,,,,"(i)8 persons died,many injured due to landslide from hill in Kurla (ii)2 persons also died in different incidents","(i)Road traffic, train services,domestic rand international flights affected badly (ii)Around 40 trees uprooted in Mumbai",IMD,,482,27
3080,UEI-IMD-FL-2002-0042,11-08-2002 00:00,11-08-2002 00:00,1.0,heavy rains,,Mumbai,Maharashtra,,,,,,,,,,"Tidal waves upto height of 20 ft. reported, due to whih snackstalls washed away",IMD,,482,27
3081,UEI-IMD-FL-2002-0043,22-08-2002 00:00,24-08-2002 00:00,3.0,heavy rains,,"Gondia, Bhandara, Jalgaon, Wardha, Buldhana, Akola, Nashik, Gadchiroli, Washim, Chandrapur, Yavatmal, Jalna, Ahmednagar, Hingoli, Nanded, Parbhani, Pune, Beed, Mumbai, Latur, Dharashiv, Solapur, Satara, Ratnagiri, Sangli, Kolhapur, Sindhudurg, Thane, Palghar, Nandurbar, Amravati, Dhule, Nagpur, Aurangabad, Raigarh, Mumbai Suburban",Maharashtra,,,,,15.0,4.0,,,"15 persons died,4 injured","(i)Moong, tur, blackgram,chillies destroyed (ii)Bridge on the river Khadakpurna(Buldana dist.) submerged under 5 ft. of water",IMD,,"476, 471, 478, 498, 472, 467, 487, 475, 499, 473, 500, 479, 466, 477, 485, 489, 490, 470, 482, 481, 488, 496, 494, 492, 493, 480, 495, 497, 665, 486, 468, 474, 484, 189, 386, 483",27
3166,UEI-IMD-FL-2003-0061,19-06-2003 00:00,21-06-2003 00:00,3.0,heavy rains,,Mumbai,Maharashtra,,,,,1.0,1.0,,,"1 person died,another injured at Ghatkopar due to lanslide",(i)Landslide reported (ii)Low lying areas submerged disrupting road traffic (iii)Rail tracks also submerged. Many trains delayed/cancelled (iv) More than 50 trees uprooted,IMD,,482,27
3170,UEI-IMD-FL-2003-0065,28-06-2003 00:00,29-06-2003 00:00,2.0,heavy rains,,Mumbai,Maharashtra,,,,,4.0,,,,"4 persons died,many injured undr debris",(i) A 6 Storeyed constructions collapsd near Grant Road railway station (ii)Railway tracks submerged at many points. Many trains delayed/cancelled (iii)Several roads waterloggd. Road traffic disrupted. (iv) Many trees uprooted,IMD,,482,27
3171,UEI-IMD-FL-2003-0066,07-07-2003 00:00,07-07-2003 00:00,1.0,heavy rains,,Mumbai,Maharashtra,,,,,,2.0,,,"1 youth drowned in falls in Sanjay Gandhi National Park at Borivali,another injured due to wall collapse at Bhandup",(i) Low lying areas inundated (ii)Around 50 trees uprooted,IMD,,482,27
3260,UEI-IMD-FL-2004-0042,18-06-2004 00:00,18-06-2004 00:00,1.0,heavy rains,,Mumbai,Maharashtra,,,,,1.0,10.0,,,"1 person died,10 other injured in separate incidents of house collapse",(i)A few houses collapsed (ii)More than 200 trees uprooted,IMD,,482,27
3262,UEI-IMD-FL-2004-0044,26-07-2004 00:00,05-08-2004 00:00,11.0,heavy rains,,"Mumbai, Pune,Thane",Maharashtra,,,,,33.0,50.0,,,"33 persons died,more than 50 injured in separate incidents of landslide/ house collapse/ drowning","(i)Landslide reported (ii)Lowlying areas inundated (iii)Most of the roads washed away at many points (iv) Rail/road communication affected (v) Trees uprooted in some areas (vi)Many houses damaged (vii)Most oof the paddy fields in Mulshi,Paud tehsils of Pune dist damaged",IMD,,"482, 490, 497",27
3263,UEI-IMD-FL-2004-0045,11-08-2004 00:00,12-08-2004 00:00,2.0,heavy rains,,"Mumbai, Pune,Satara",Maharashtra,,,,,3.0,1.0,,,"3 persons died,1 injured due to landslide in Mumbai","(i) Landslide reported (ii)Loss of agriculture nad property reported in many villages of Patan tehsil in Stara dist., Along the banks of Koyna river (iii)400 year old construction of archaeological importance razed to ground at Shivneri Fort in Pune dist.",IMD,,"482, 490, 494",27
3393,UEI-IMD-FL-2005-0100,22-06-2005 00:00,28-06-2005 00:00,7.0,heavy rains,,"Mumbai,Thane",Maharashtra,,,,,,,,,"24 persons including 4 women died,4 other drowned. ",103 trees uprooted.,IMD,,"482, 497",27
3400,UEI-IMD-FL-2005-0107,26-07-2005 00:00,27-07-2005 00:00,2.0,heavy rains,,Mumbai,Maharashtra,,,,,273.0,,,1000,i) 273 persons died. ii) 1000 cattleheads perished. ,5000 people evacuated to safer places.,IMD,,482,27
3408,UEI-IMD-FL-2005-0115,08-09-2005 00:00,14-09-2005 00:00,7.0,heavy rains,,"Aurangabad, Bhandara, Gondia, Jalna, Mumbai, Solapur,Wardha ",Maharashtra,,,,,11.0,19.0,,,"11 persons died,19 other injured.","i) 151 houses completely,40 houses partially damaged. ii) Damage to maize, coriander, pulses, onion,fruit gardens reported. iii) 5000 people shifted to safer places. iv) Many trees uprooted. ",IMD,,"189, 471, 476, 479, 482, 496, 498",27
3409,UEI-IMD-FL-2005-0116,21-09-2005 00:00,21-09-2005 00:00,1.0,heavy rains,,Mumbai,Maharashtra,,,,,,3.0,,,3 persons injured in Vikroli.,Landslide reported.,IMD,,482,27
3541,UEI-IMD-FL-2006-0073,30-05-2006 00:00,02-06-2006 00:00,4.0,heavy rains,,"Aurangabad, Dhule, Mumbai, Nagpur, Kolhapur,Sindhudurg ",Maharashtra,,,,,38.0,9.0,,,"38 persons died,9 injured.","i) Some areas,rail track inundated. ii) 100 trees uprooted. iii) Normal life paralysed.",IMD,,"189, 474, 482, 484, 480, 495",27
3545,UEI-IMD-FL-2006-0077,01-07-2006 00:00,07-07-2006 00:00,7.0,heavy rains,,"Amravati, Chandrapur, Dhule,  Gadchiroli, Jalgaon, Kolhapur, Mumbai, Nagpur, Nashik, Pune, Raigarh, Satara, Thane,Washim",Maharashtra,,,,,131.0,9.0,,,"i) 131 persons died,9 injured. ii) Many cattleheads perished. ","i) Low lying areas, bridges inundated. About 185 villages cut off. ii) Road/rail /air traffic disrupted. iii) Extensive damage to agriculture & vegetable crop reported iv) Many houses,trees collapsed. ",IMD,,"468, 473, 474, 475, 478, 480, 482, 484, 487, 490, 386, 494, 497, 499",27
3550,UEI-IMD-FL-2006-0082,15-08-2006 00:00,15-08-2006 00:00,1.0,heavy rains,,Mumbai,Maharashtra,,,,,1.0,,,,One woman died.,,IMD,,482,27
3552,UEI-IMD-FL-2006-0084,12-09-2006 00:00,17-09-2006 00:00,6.0,heavy rains,,"Ahmednagar, Beed, Jalna, Mumbai, Nashik, Dharashiv, Pune,Satara",Maharashtra,,,,,12.0,,,,12 persons died.,i) Landslide reported. ii) Few houses inundated. iii) 7 embankment breached. iv) Low lying areas flooded. V) Road traffic disrupted. vi) Sugarcane in about 300 acres damaged. vii) Extensive damage to agriculture reported.,IMD,,"466, 470, 479, 482, 487, 488, 490, 494",27
3674,UEI-IMD-FL-2007-0095,24-06-2007 00:00,24-06-2007 00:00,1.0,heavy rains,,"Amravati, Mumbai ",Maharashtra,,,,,7.0,4.0,,,"a)One woman died,4 other injured due to wall collapse at Gonapur. b)6 persons died due to landslide. ","Wall collapse, house crash reported.",IMD,,"468, 482",27
3675,UEI-IMD-FL-2007-0096,30-06-2007 00:00,30-06-2007 00:00,1.0,heavy rains,,"Mumbai, Ratnagiri,Satara",Maharashtra,,,,,16.0,,,,16 persons died.,"1500 people evacuated from Mumbai,550 from Ratnagiri.",IMD,,"482, 492, 494",27
3679,UEI-IMD-FL-2007-0100,01-08-2007 00:00,09-08-2007 00:00,9.0,flood (cloud burst),,"Amravati, Bhandara, Chandrapur, Gadchiroli, Gondia, Aurangabad,Beed,Hingoli, Jalna, Latur, Nanded,Dharashiv,Parbhani, Mumbai, Nagpur, Nashik, Sindhudurg, Thane, Wardha,Washim",Maharashtra,,,,,32.0,22.0,,100,"i) 32 persons died,3 other injured. ii) 19 persons washed away. iii) More than 100 cattle heads perished. ","i) Standing crops at Nilanga damaged. ii) Low lying areas of Pathari inundated. iii) Walls of houses,hotels collapsed in Kudala taluka. iv) More than 500 villages marooned. v) 715 houses damaged. ",IMD,,"468, 471, 473, 475, 476, 189, 470, 477, 479, 481, 485, 488, 489, 482, 484, 487, 495, 497, 498, 499",27
3799,UEI-IMD-FL-2008-0075,07-06-2008 00:00,09-06-2008 00:00,3.0,heavy rains,,"Raigarh, Mumbai, Raigarh,Thane ",Maharashtra,,,,,10.0,19.0,,,"10 persons including 2 children died,19 others injured.",i) Landslide reported. ii) Many trees uprooted. iii) Low lying areas flooded. iv) Few houses collapsed.,IMD,,"386, 482, 386, 497",27
3801,UEI-IMD-FL-2008-0077,01-07-2008 00:00,02-07-2008 00:00,2.0,heavy rains,,"Mumbai,Thane",Maharashtra,,,,,5.0,,,,5 persons died including 2 others electrocuted.,i) Low lying houses flooded. ii) Many trees uprooted.,IMD,,"482, 497",27
3802,UEI-IMD-FL-2008-0078,26-07-2008 00:00,31-07-2008 00:00,6.0,flash flood,,"Bhandara, Mumbai, Raigarh,Wardha",Maharashtra,,,,,6.0,,,,6 persons died.,1) Landslide reported. ii) Low lying areas inundated. ii) Few houses collapsed. iv) Many trees uprooted.,IMD,,"471, 482, 386, 498",27
3805,UEI-IMD-FL-2008-0081,09-08-2008 00:00,14-08-2008 00:00,6.0,"flood (indrayani, mula, panchganga, pavana)",,"Kolhapur, Mumbai, Pune, Ratnagiri, Satara,Sindhudurg ",Maharashtra,,,,,35.0,35.0,,,"35 persons died,35 others injured.","i) Landslide reported. ii) Road / rail traffic,power supply disrupted. iii) About 120 villages marooned, iv) Ratnagiri - Kolhapur highway disrupted. v) 1500 houses damaged. vi) About 900 people evacuated. vii) Extensive damage to grain stock reported. ",IMD,,"480, 482, 490, 492, 494, 495",27
3898,UEI-IMD-FL-2009-0047,24-06-2009 00:00,29-06-2009 00:00,6.0,heavy rains,,"Mumbai, Nagpur,Yavatmal ",Maharashtra,,,,,3.0,7.0,,,"3 persons died,7 other injured. ","Damage to the crops,property reported.",IMD,,"482, 484, 500",27
3899,UEI-IMD-FL-2009-0048,03-07-2009 00:00,08-07-2009 00:00,6.0,heavy rains,,"Amravati, Mumbai,Nashik",Maharashtra,,,,,12.0,,,,12 persons died.,,IMD,,"468, 482, 487",27
3900,UEI-IMD-FL-2009-0049,14-07-2009 00:00,15-07-2009 00:00,2.0,heavy rains,,"Mumbai, Gadchiroli,Nagpur",Maharashtra,,,,,10.0,8.0,,,"10 persons died,8 other injured.",14 & 15 July,IMD,,"482, 475, 484",27
3902,UEI-IMD-FL-2009-0051,05-09-2009 00:00,05-09-2009 00:00,1.0,heavy rains,,Mumbai,Maharashtra,,,,,11.0,,,,11 persons died.,Landslide reported.,IMD,,482,27
4022,UEI-IMD-FL-2010-0085,16-06-2010 00:00,16-06-2010 00:00,1.0,heavy rains,,"Beed,Mumbai",Maharashtra,,,,,9.0,7.0,,,"9 persons died,7 others injured.",i) About 100 trees uprooted. ii) Rail/road traffic disrupted. ,IMD,,"470, 482",27
4023,UEI-IMD-FL-2010-0086,18-06-2010 00:00,20-06-2010 00:00,3.0,heavy rains,,"Beed,Bhandara, Mumbai,Yavatmal",Maharashtra,,,,,8.0,,,,About 8 persons died.,,IMD,,"470, 471, 482, 500",27
4024,UEI-IMD-FL-2010-0087,24-06-2010 00:00,26-06-2010 00:00,3.0,heavy rains,,"Mumbai, Nandurbar, Ratnagiri,Yavatmal",Maharashtra,,,,,8.0,7.0,,,"8 persons died,7 others injured. ",i)Landslide reported. ii) A wall collapsed. ,IMD,,"482, 486, 492, 500",27
4026,UEI-IMD-FL-2010-0089,03-07-2010 00:00,03-07-2010 00:00,1.0,heavy rains,,"Mumbai, Nanded, Parbhani",Maharashtra,,,,,4.0,,,,4 persons died. ,Air/rail/road traffic disrupted.,IMD,,"482, 485, 489",27
4028,UEI-IMD-FL-2010-0091,23-07-2010 00:00,25-07-2010 00:00,3.0,heavy rains,,"Mumbai,Ratnagiri",Maharashtra,,,,,12.0,,,,12 persons died.,i) About 85 houses collapsed. ii) Air/rail traffic disrupted.,IMD,,"482, 492",27
4030,UEI-IMD-FL-2010-0093,05-08-2010 00:00,06-08-2010 00:00,2.0,heavy rains,,"Gadchiroli,Mumbai",Maharashtra,,,,,1.0,3.0,,,"One person died,3 others drowned.",i) Many villages affected. ii) Road communication disrupted. ,IMD,,"475, 482",27
4032,UEI-IMD-FL-2010-0095,17-08-2010 00:00,20-08-2010 00:00,4.0,heavy rains,,"Buldhana, Mumbai,Yavatmal",Maharashtra,,,,,11.0,4.0,,,"11 persons died,4 others injured.",i) Landslide reported. ii) Few houses collapsed. iii) Rail service disrupted. ,IMD,,"472, 482, 500",27
4038,UEI-IMD-FL-2010-0101,19-09-2010 00:00,19-09-2010 00:00,1.0,heavy rains,,Mumbai,Maharashtra,,,,,,1.0,,,One boy swept away.,"Damage to houses,shops reported.",IMD,,482,27
4154,UEI-IMD-FL-2011-0068,08-07-2011 00:00,08-07-2011 00:00,1.0,heavy rains,,Mumbai,Maharashtra,,,,,10.0,,,,"About 10 persons died,few injured due to wall collapse",i)Low lying areas flooded. ii)Road traffic / electric supply disrupted. iii) Trees uprooted.,IMD,,482,27
4158,UEI-IMD-FL-2011-0072,27-08-2011 00:00,29-08-2011 00:00,3.0,heavy rains,,"Mumbai, Ratnagiri,Thane ",Maharashtra,,,,,4.0,15.0,,,"i) One person died,3 others injured in Haji Ali ii)One person swept away in Vasai. iii) 3 persons injured in Mulund due to fall of a tree. iv) One woman died due to wall collapse in Ratnagiri. v) 2 persons died,7 others injured due to landslide in Thane. vi) One boy swept away in Mithi river. ",i) Low lying areas submerged. ii) Damage to many houses due to landslide reported.,IMD,,"482, 492, 497",27
4160,UEI-IMD-FL-2011-0074,03-09-2011 00:00,03-09-2011 00:00,1.0,heavy rains,,"Dhule, Jalgaon, Mumbai,Nandurbar",Maharashtra,,,,,8.0,,,,"5 children died due to wall collapse in Mumbai,3 others in North Maharashtra.",,IMD,,"474, 478, 482, 486",27
4254,UEI-IMD-FL-2012-0061,09-06-2012 00:00,09-06-2012 00:00,1.0,heavy rains,,Mumbai,Maharashtra,,,,,,,,,,A building collapsed.,IMD,,482,27
4255,UEI-IMD-FL-2012-0062,29-06-2012 00:00,29-06-2012 00:00,1.0,heavy rains,,Mumbai,Maharashtra,,,,,,,,,,"i) Few check dams collapsed. ii) Water logging,damaged roads disrupted road,rail traffic. ",IMD,,482,27
4372,UEI-IMD-FL-2013-0099,09-06-2013 00:00,09-06-2013 00:00,1.0,heavy rains ,,Mumbai ,Maharashtra,,,,,2.0,9.0,,,"2 persons died in Bhandup,9 others injured. ","i) Low lying areas flooded. ii) Trees/poles uprooted causing vehicular,traffic disruption. ",IMD,,482,27
4467,UEI-IMD-FL-2014-0060,13-07-2014 00:00,13-07-2014 00:00,1.0,heavy rains ,,Mumbai ,Maharashtra,,,,,4.0,,,,"One person died due to roof fell in Colaba, 3 others due to wall collapse in Shiwadi,Malad. ",,IMD,,482,27
4469,UEI-IMD-FL-2014-0062,31-07-2014 00:00,31-07-2014 00:00,1.0,heavy rains,,Mumbai,Maharashtra,,,,,1.0,,,,One died due to landslide in Chembur. ,,IMD,,482,27
4565,UEI-IMD-FL-2015-0070,28-07-2015 00:00,28-07-2015 00:00,1.0,heavy rains,,Mumbai,Maharashtra,,,,,4.0,,,,4 persons died at Vakola Santacruz,,IMD,,482,27
4566,UEI-IMD-FL-2015-0071,29-07-2015 00:00,29-07-2015 00:00,1.0,heavy rains,,"Mumbai,Mumbai Suburban, Thane",Maharashtra,,,,,9.0,10.0,,,"9 persons died,10 injured",,IMD,,"482, 483, 497",27
4695,UEI-IMD-FL-2016-0093,20-06-2016 00:00,20-06-2016 00:00,1.0,heavy rains,,Mumbai,Maharashtra,,,,,1.0,,,,One person died.,22 trees uprooted causing disruption in vehicular traffic.,IMD,,482,27
4696,UEI-IMD-FL-2016-0094,25-06-2016 00:00,25-06-2016 00:00,1.0,heavy rains,,Mumbai,Maharashtra,,,,,2.0,,,,2 persons died.,,IMD,,482,27
4697,UEI-IMD-FL-2016-0095,01-07-2016 00:00,03-07-2016 00:00,3.0,heavy rains,,"Ahmednagar, Dhule, Jalgaon, Mumbai, Nandurbar, Nashik, Pune",Maharashtra,,,,,11.0,,,,11 persons died.,,IMD,,"466, 474, 478, 482, 486, 487, 490",27
4699,UEI-IMD-FL-2016-0097,11-07-2016 00:00,12-07-2016 00:00,2.0,heavy rains,,"Kolhapur, Mumbai, Mumbai Suburban, Raigad, Ratnagiri, Sindhudurg, Thane, Palghar",Maharashtra,,,,,1.0,,,,One person died in Konkan region.,"i) 31 roads including 22 main roads,9 highways are completely under water in Kolhapur Dist. ii) Around 80 villages lost contact from rest of the state in Konkan region.",IMD,,"480, 482, 483, 491, 492, 495, 497, 665",27
4702,UEI-IMD-FL-2016-0100,30-07-2016 00:00,31-07-2016 00:00,2.0,heavy rains,,Mumbai,Maharashtra,,,,,1.0,4.0,,,One person died as tree fell on him & 4 others injured.,i) Damage to Ground-plus-three structure building & security cabin reported ii) A car & an auto-rickshaw damaged as tree fell on it.,IMD,,482,27
4817,UEI-IMD-FL-2017-0080,26-06-2017 00:00,26-06-2017 00:00,1.0,Heavy Rains,,Mumbai,Maharashtra,,,,,,2.0,,,2 women injured due to wall collapsed in Mulund (W),i) Damage to houses reported. ii) 48 trees uprooted.,IMD,,482,27
4826,UEI-IMD-FL-2017-0089,30-08-2017 00:00,30-08-2017 00:00,1.0,Heavy Rains,,"Palghar, Thane, Mumbai",Maharashtra,,,,,15.0,,,,"Total 15 persons died. Palghar �������� 5, Thane �������� 3, Mumbai - 7",,IMD,,"665, 497, 482",27
4913,UEI-IMD-FL-2018-0053,25-06-2018 00:00,25-06-2018 00:00,1.0,Heavy rains,,"Mumbai, Mumbai Suburban, Palghar, Raigarh, Sindhudurg, Thane",Maharashtra,,,,,8.0,,,,8 people died including one girl who washed away from Sindhudurg Dist.,"i) Damage to more than 10 vehicles reported. ii) Damage to building, roads reported.",IMD,,"482, 483, 665, 386, 495, 497",27
4914,UEI-IMD-FL-2018-0054,07-03-2018 00:00,07-03-2018 00:00,1.0,Floods & Heavy rains,,Mumbai,Maharashtra,,,,,1.0,5.0,,,One youth washed away from Bandra & 5 others injured due to part of Ghokhale bridge collapsed in Andheri.,i) Damage to Ghokhale bridge reported. ii) Rail & Air services disrupted. Flight cancelled.,IMD,,482,27
4917,UEI-IMD-FL-2018-0057,07-10-2018 00:00,07-10-2018 00:00,1.0,Floods & Heavy rains,,"Amravati, Mumbai",Maharashtra,,,,,1.0,,,,"One person died in Amravati, Dist.","i) Damage to Standing crops reported. ii) Damage to 35 houses partially,40 houses completely reported. iii) Water logging in Mumbai.",IMD,,"468, 482",27
5069,UEI-IMD-FL-2019-0090,07-01-2019 00:00,07-01-2019 00:00,1.0,Heavy rains,,"Mumbai, Nashik, Palghar, Pune",Maharashtra,,,,,12.0,3.0,,,"Total 12 persons died & 3 others injured. Viz. Mumbai - One electrocuted at Nehru Nagar in Vile Parle. Nashik - 3, Palghar �������� 2 in Jawahar city, Pune - 6 labourers died & 3 others injured due to wall collapsed in Ambegaon area.",,IMD,,"482, 487, 665, 490",27
5070,UEI-IMD-FL-2019-0091,07-02-2019 00:00,07-02-2019 00:00,1.0,"Heavy rains , Incessant rains leading to flood-like situation.",," Mumbai,Thane,Ratnagiri",Maharashtra,,,,,45.0,4.0,,,Total 23 persons died. Mumbai - 21 persons died & more than 50 others injured due to wall collapsed in Mumbai's \ northern suburb of Malad & 2 other died in another incident in Malad. 3 persons died due to wall collapse in Kalyan. At least 19 persons died & 4 others missing from Bhendewadi village of Chiplun block,"i) A wall collapsed on hutments in Pimpripada area of Malad East. ii) About 1,000 people shifted to temporary shelters by joint evacuation operation in suburban Kurla with the NDRF, Navy,fire brigade shifting. iii) Many parts of the financial capital Mumbai waterlogged. iv) Rail, Air,Road traffic disrupted with several trains,flights cancelled. Altogether 54 flights diverted,52 cancelled at Mumbai's Chhatrapati Shivaji Maharaj International Airport, where a SpiceJet plane overshot the runway.  The wall of an Urdu school behind Durgai Fort collapsed near the hutments adjacent in Kalyan.  i) Tiware Dam in Chiplun block of Ratnagiri District in the Vashishthi Basin of coastal Maharashtra breached. ii) At least 7 villages including Bhendewadi, Ovali, Riktoli, Aakle, Daadar, Nandivase, Kalkavne, with about 3000 population badly affected. iii) Several houses including at least 12 houses & 20 vehicles from Bhendewadi village near the dam washed away. iv) NDRF teams, Additional rescue teams consisting of government officials, police,volunteers carrying out search,rescue operations.",IMD,,"482, 497, 492",27
5075,UEI-IMD-FL-2019-0096,08-02-2019 00:00,08-02-2019 00:00,1.0,Heavy Rains,,Mumbai,Maharashtra,,,,,1.0,,,,One person died.,A tree uprooted & fell on a wall in Chandivli.,IMD,,482,27
5076,UEI-IMD-FL-2019-0097,08-03-2019 00:00,08-03-2019 00:00,1.0,Heavy Rains & Flood,,"Mumbai, Palghar",Maharashtra,,,,,5.0,,,4,"Total 5 persons died. Mumbai �������� 4 girls washed away at Pandavakada Waterfalls at Khargahr Palghar �������� 1 person washed away in Tiwas river. While, 4 livestock perished.",,IMD,,"482, 665",27
5083,UEI-IMD-FL-2019-0104,09-05-2019 00:00,09-05-2019 00:00,1.0,Heavy Rains & Flood,,Mumbai,Maharashtra,,,,,4.0,,,,4 persons died & other missing.,"Around 1300 people from Kurla west evacuated with the help of Navy,NDRF personnel.",IMD,,482,27
5084,UEI-IMD-FL-2019-0105,09-06-2019 00:00,09-06-2019 00:00,1.0,Heavy Rains & Flood,,Mumbai,Maharashtra,,,,,1.0,,,,One person washed away.,,IMD,,482,27
5233,UEI-IMD-FL-2020-0077,18-06-2020 00:00,18-06-2020 00:00,1.0,Heavy Rains,,Mumbai,Maharashtra,,,,,1.0,,,,One person died.,,IMD,,482,27
5237,UEI-IMD-FL-2020-0081,16-07-2020 00:00,16-07-2020 00:00,1.0,Heavy Rains,,Mumbai,Maharashtra,,,,,4.0,6.0,,,4 persons died & 6 others injured due to wall collapsed in Fort & Malawanai area.,Damaage to 2 hundred year old MHADA SES building reported.,IMD,,482,27
5241,UEI-IMD-FL-2020-0085,08-04-2020 00:00,08-06-2020 00:00,3.0,Heavy Rains & Landslide,,"Kolhapur, Mumbai, Nagpur, Palghar, Pune, Raigarh, Ratnagiri, Sindhudurg, Thane",Maharashtra,,,,,2.0,,,3,"Total 2 persons died on 4th. Ratnagiri - One woman died due to tree collapsed in Rajapur, Thane - One 15 year old boy died. While 3 cowes perished in Kalyan area of Mumbai.","i) Damage to crops reported in Nagpur dist. i) Damage to structures, houses, roads reported. ii) Speed boat drowned in Varsova, Mumbai. iii) Damage to many vehicles reported. iv) Roof of D.Y.Patil stadium blown away in Mumbai. v) Normal life paralysed. vi) In Kolhapur , People shifted to safer places. vii) Rail traffic disrupted due to Landslide at Kandiwali, Mumbai. viii) Roads from Radhanagari, Gaganbawada, Panhala towards Konkan were blocked. Several trees/electric poles uprooted causing disruption in vehicular traffic & power supply.",IMD,,"480, 482, 484, 665, 490, 386, 492, 495, 497",27
5465,UEI-IMD-FL-2021-0156,09-06-2021 00:00,09-06-2021 00:00,1.0,Heavy rains,,Mumbai Suburban,Maharashtra,,,,,11.0,17.0,,,,,IMD,,483,27
5476,UEI-IMD-FL-2021-0167,17-07-2021 00:00,17-07-2021 00:00,1.0,"Heavy rains,  Floods & Landslides",,Mumbai ,Maharashtra,,,,,10.0,,,,,,IMD,,482,27
5477,UEI-IMD-FL-2021-0168,17-07-2021 00:00,17-07-2021 00:00,1.0,"Heavy rains,  Floods & Landslides",,Mumbai Suburban ,Maharashtra,,,,,22.0,7.0,,,,,IMD,,483,27
5480,UEI-IMD-FL-2021-0171,17-07-2021 00:00,17-07-2021 00:00,1.0,"Heavy rains,  Floods & Landslides",,"Mumbai, Mumbai Suburban, Palghar, Raigarh, Sindhudurg, Thane, Washim",Maharashtra,,,,,,,,,,,IMD,,"482, 483, 665, 386, 495, 497, 499",27
5499,UEI-IMD-FL-2021-0190,23-07-2021 00:00,23-07-2021 00:00,1.0,Heavy rains,,Mumbai Suburban,Maharashtra,,,,,4.0,,,,,,IMD,,483,27
6273,UEI-IMD-FL-2022-0627,20-06-2022 00:00,20-06-2022 00:00,1.0,Landslide,,Mumbai Suburban,Maharashtra,,,,,,2.0,,,,,IMD,,483,27
6277,UEI-IMD-FL-2022-0631,06-07-2022 00:00,06-07-2022 00:00,1.0,Landslide,,Mumbai,Maharashtra,,,,,,3.0,,,,,IMD,,482,27
6278,UEI-IMD-FL-2022-0632,06-07-2022 00:00,06-07-2022 00:00,1.0,Heavy Rains,,Mumbai,Maharashtra,,,,,,,,,,,IMD,,482,27
6291,UEI-IMD-FL-2022-0645,11-07-2022 00:00,11-07-2022 00:00,1.0,Heavy Rains & Floods,,Mumbai Suburban,Maharashtra,,,,,2.0,,,,,,IMD,,483,27
6296,UEI-IMD-FL-2022-0650,12-07-2022 00:00,12-07-2022 00:00,1.0,Heavy Rains & Floods,,Mumbai,Maharashtra,,,,,3.0,1.0,,,,,IMD,,482,27
6310,UEI-IMD-FL-2022-0664,14-07-2022 00:00,14-07-2022 00:00,1.0,Heavy Rains & Floods,,Mumbai,Maharashtra,,,,,,1.0,,,,,IMD,,482,27
6315,UEI-IMD-FL-2022-0669,15-07-2022 00:00,15-07-2022 00:00,1.0,Heavy Rains & Floods,,Mumbai,Maharashtra,,,,,,,,,,,IMD,,482,27
6345,UEI-IMD-FL-2022-0699,12-08-2022 00:00,12-08-2022 00:00,1.0,Heavy Rains & Floods,,Mumbai,Maharashtra,,,,,,1.0,,,,,IMD,,482,27
7223,UEI-IMD-FL-2023-0438,25-06-2023 00:00,26-06-2023 00:00,2.0,Heavy Rains,,Mumbai,Maharashtra,,,,,,4.0,,,,,IMD,,482,27
7224,UEI-IMD-FL-2023-0439,25-06-2023 00:00,26-06-2023 00:00,2.0,Heavy Rains,,Mumbai Suburban,Maharashtra,,,,,,,,,,,IMD,,483,27
7225,UEI-IMD-FL-2023-0440,28-06-2023 00:00,28-06-2023 00:00,1.0,Heavy Rains & Floods,,Mumbai,Maharashtra,,,,,2.0,,,,,,IMD,,482,27
7226,UEI-IMD-FL-2023-0441,28-06-2023 00:00,28-06-2023 00:00,1.0,Heavy Rains & Floods,,Mumbai Suburban,Maharashtra,,,,,2.0,,,,,,IMD,,483,27
7229,UEI-IMD-FL-2023-0444,29-06-2023 00:00,29-06-2023 00:00,1.0,Heavy Rains,,Mumbai,Maharashtra,,,,,1.0,5.0,,,,,IMD,,482,27
7239,UEI-IMD-FL-2023-0454,19-07-2023 00:00,19-07-2023 00:00,1.0,Heavy Rains & Floods,,Mumbai,Maharashtra,,,,,,,,,,,IMD,,482,27
7245,UEI-IMD-FL-2023-0460,20-07-2023 00:00,20-07-2023 00:00,1.0,Heavy Rains & Floods,,Mumbai,Maharashtra,,,,,,,,,,,IMD,,482,27
7246,UEI-IMD-FL-2023-0461,20-07-2023 00:00,20-07-2023 00:00,1.0,Heavy Rains & Floods,,Mumbai Suburban,Maharashtra,,,,,1.0,,,,,,IMD,,483,27
