timestamp,horizon,actual_mmhr,persistence_mmhr,ml_mmhr
2026-09-19T13:30:00.000000000,+1h,0,0,0.005638037
2026-09-19T14:00:00.000000000,+1h,0,0,0.005638037
2026-09-20T01:30:00.000000000,+1h,0,0,0.04542004
2026-09-20T02:00:00.000000000,+1h,0,0,0.005638037
2026-09-20T02:30:00.000000000,+1h,0,0,0.005638037
2026-09-20T03:00:00.000000000,+1h,0,0,0.005638037
2026-09-20T03:30:00.000000000,+1h,0,0,0.005638037
2026-09-20T04:00:00.000000000,+1h,0,0,0.005638037
2026-09-20T04:30:00.000000000,+1h,0,0,0.005638037
2026-09-20T05:00:00.000000000,+1h,0,0,0.005638037
2026-09-20T05:30:00.000000000,+1h,0,0,0.005638037
2026-09-20T06:00:00.000000000,+1h,0,0,0.005638037
2026-09-20T06:30:00.000000000,+1h,0,0,0.005638037
2026-09-20T07:00:00.000000000,+1h,0,0,0.005638037
2026-09-20T07:30:00.000000000,+1h,0,0,0.005638037
2026-09-20T08:00:00.000000000,+1h,0,0,0.005638037
2026-09-20T08:30:00.000000000,+1h,0,0,0.005638037
2026-09-20T09:00:00.000000000,+1h,0,0,0.005638037
2026-09-20T09:30:00.000000000,+1h,0,0,0.005638037
2026-09-20T10:00:00.000000000,+1h,0,0,0.005638037
2026-09-20T10:30:00.000000000,+1h,0,0,0.005638037
2026-09-20T11:00:00.000000000,+1h,0,0,0.005638037
2026-09-20T11:30:00.000000000,+1h,0,0,0.005638037
2026-09-20T12:00:00.000000000,+1h,0,0,0.005638037
2026-09-20T12:30:00.000000000,+1h,0,0,0.005638037
2026-09-20T13:00:00.000000000,+1h,0,0,0.005638037
2026-09-20T13:30:00.000000000,+1h,0,0,0.005638037
2026-09-20T14:00:00.000000000,+1h,0,0,0.005638037
2026-09-21T01:30:00.000000000,+1h,0,0,0.04542004
2026-09-21T02:00:00.000000000,+1h,0,0,0.005638037
2026-09-21T02:30:00.000000000,+1h,0,0,0.005638037
2026-09-21T03:00:00.000000000,+1h,0,0,0.005638037
2026-09-21T03:30:00.000000000,+1h,0,0,0.005638037
2026-09-21T04:00:00.000000000,+1h,0,0,0.005638037
2026-09-21T04:30:00.000000000,+1h,0,0,0.005638037
2026-09-21T05:00:00.000000000,+1h,0,0,0.005638037
2026-09-21T05:30:00.000000000,+1h,0,0,0.005638037
2026-09-21T06:00:00.000000000,+1h,0,0,0.005638037
2026-09-21T06:30:00.000000000,+1h,0,0,0.005638037
2026-09-21T07:00:00.000000000,+1h,0,0,0.005638037
2026-09-21T07:30:00.000000000,+1h,0,0,0.005638037
2026-09-21T08:00:00.000000000,+1h,0.00310915,0,0.005638037
2026-09-21T08:30:00.000000000,+1h,0.50852549,0,0.005638037
2026-09-21T09:00:00.000000000,+1h,1.601573856,0.00310915,0.015189054
2026-09-21T09:30:00.000000000,+1h,2.331465359,0.50852549,0.58589274
2026-09-21T10:00:00.000000000,+1h,7.599196078,1.601573856,1.2191983
2026-09-21T10:30:00.000000000,+1h,18.22459281,2.331465359,1.4963068
2026-09-21T11:00:00.000000000,+1h,15.45419608,7.599196078,2.0229952
2026-09-21T11:30:00.000000000,+1h,1.416357516,18.22459281,2.1124842
2026-09-21T12:00:00.000000000,+1h,1.121327451,15.45419608,1.7109125
2026-09-21T12:30:00.000000000,+1h,3.653020261,1.416357516,0.39324
2026-09-21T13:00:00.000000000,+1h,5.328313072,1.121327451,0.12837586
2026-09-21T13:30:00.000000000,+1h,3.666924837,3.653020261,1.8602854
2026-09-21T14:00:00.000000000,+1h,1.580060784,5.328313072,2.1030917
2026-09-22T01:30:00.000000000,+1h,0,0.003760131,0.0532816
2026-09-22T02:00:00.000000000,+1h,0,0.002304575,0.00708418
2026-09-22T02:30:00.000000000,+1h,0,0,0.00708418
2026-09-22T03:00:00.000000000,+1h,0,0,0.00708418
2026-09-22T03:30:00.000000000,+1h,0.011948366,0,0.00708418
2026-09-22T04:00:00.000000000,+1h,0.02840719,0,0.005638037
2026-09-22T04:30:00.000000000,+1h,0.015422876,0.011948366,0.019489378
2026-09-22T05:00:00.000000000,+1h,0,0.02840719,0.11457115
2026-09-22T05:30:00.000000000,+1h,0,0.015422876,0.015388795
2026-09-22T06:00:00.000000000,+1h,0,0,0.005638037
2026-09-22T06:30:00.000000000,+1h,0,0,0.005638037
2026-09-22T07:00:00.000000000,+1h,0,0,0.005638037
2026-09-22T07:30:00.000000000,+1h,0,0,0.005638037
2026-09-22T08:00:00.000000000,+1h,0,0,0.005638037
2026-09-22T08:30:00.000000000,+1h,0.00247451,0,0.005638037
2026-09-22T09:00:00.000000000,+1h,0.004170588,0,0.005638037
2026-09-22T09:30:00.000000000,+1h,0.000388889,0.00247451,0.005638037
2026-09-22T10:00:00.000000000,+1h,0.000744444,0.004170588,0.015189054
2026-09-22T10:30:00.000000000,+1h,0.009130719,0.000388889,0.005638037
2026-09-19T13:30:00.000000000,+2h,0,0,0.002907292
2026-09-19T14:00:00.000000000,+2h,0,0,0.002907292
2026-09-20T01:30:00.000000000,+2h,0,0,0.025737913
2026-09-20T02:00:00.000000000,+2h,0,0,0.002022575
2026-09-20T02:30:00.000000000,+2h,0,0,0.002022575
2026-09-20T03:00:00.000000000,+2h,0,0,0.003103183
2026-09-20T03:30:00.000000000,+2h,0,0,0.003103183
2026-09-20T04:00:00.000000000,+2h,0,0,0.003103183
2026-09-20T04:30:00.000000000,+2h,0,0,0.003103183
2026-09-20T05:00:00.000000000,+2h,0,0,0.00342586
2026-09-20T05:30:00.000000000,+2h,0,0,0.00342586
2026-09-20T06:00:00.000000000,+2h,0,0,0.00342586
2026-09-20T06:30:00.000000000,+2h,0,0,0.00342586
2026-09-20T07:00:00.000000000,+2h,0,0,0.00321871
2026-09-20T07:30:00.000000000,+2h,0,0,0.00321871
2026-09-20T08:00:00.000000000,+2h,0,0,0.003843313
2026-09-20T08:30:00.000000000,+2h,0,0,0.003843313
2026-09-20T09:00:00.000000000,+2h,0,0,0.006542761
2026-09-20T09:30:00.000000000,+2h,0,0,0.006542761
2026-09-20T10:00:00.000000000,+2h,0,0,0.005462152
2026-09-20T10:30:00.000000000,+2h,0,0,0.005462152
2026-09-20T11:00:00.000000000,+2h,0,0,0.002656929
2026-09-20T11:30:00.000000000,+2h,0,0,0.002656929
2026-09-20T12:00:00.000000000,+2h,0,0,0.002907292
2026-09-20T12:30:00.000000000,+2h,0,0,0.002907292
2026-09-20T13:00:00.000000000,+2h,0,0,0.002907292
2026-09-20T13:30:00.000000000,+2h,0,0,0.002907292
2026-09-20T14:00:00.000000000,+2h,0,0,0.002907292
2026-09-21T01:30:00.000000000,+2h,0,0,0.025737913
2026-09-21T02:00:00.000000000,+2h,0,0,0.002022575
2026-09-21T02:30:00.000000000,+2h,0,0,0.002022575
2026-09-21T03:00:00.000000000,+2h,0,0,0.003103183
2026-09-21T03:30:00.000000000,+2h,0,0,0.003103183
2026-09-21T04:00:00.000000000,+2h,0,0,0.003103183
2026-09-21T04:30:00.000000000,+2h,0,0,0.003103183
2026-09-21T05:00:00.000000000,+2h,0,0,0.00342586
2026-09-21T05:30:00.000000000,+2h,0,0,0.00342586
2026-09-21T06:00:00.000000000,+2h,0,0,0.00342586
2026-09-21T06:30:00.000000000,+2h,0,0,0.00342586
2026-09-21T07:00:00.000000000,+2h,0.00310915,0,0.00321871
2026-09-21T07:30:00.000000000,+2h,0.50852549,0,0.00321871
2026-09-21T08:00:00.000000000,+2h,1.601573856,0,0.003843313
2026-09-21T08:30:00.000000000,+2h,2.331465359,0,0.003843313
2026-09-21T09:00:00.000000000,+2h,7.599196078,0.00310915,0.021141384
2026-09-21T09:30:00.000000000,+2h,18.22459281,0.50852549,0.31346187
2026-09-21T10:00:00.000000000,+2h,15.45419608,1.601573856,0.5568223
2026-09-21T10:30:00.000000000,+2h,1.416357516,2.331465359,0.6912122
2026-09-21T11:00:00.000000000,+2h,1.121327451,7.599196078,0.9076605
2026-09-21T11:30:00.000000000,+2h,3.653020261,18.22459281,0.9194881
2026-09-21T12:00:00.000000000,+2h,5.328313072,15.45419608,0.6531311
2026-09-21T12:30:00.000000000,+2h,3.666924837,1.416357516,0.11781208
2026-09-21T13:00:00.000000000,+2h,1.580060784,1.121327451,0.08767371
2026-09-21T13:30:00.000000000,+2h,0.762652288,3.653020261,0.88444984
2026-09-21T14:00:00.000000000,+2h,0.602452941,5.328313072,0.920759
2026-09-22T01:30:00.000000000,+2h,0,0.003760131,0.039761867
2026-09-22T02:00:00.000000000,+2h,0,0.002304575,0.00585909
2026-09-22T02:30:00.000000000,+2h,0.011948366,0,0.003534893
2026-09-22T03:00:00.000000000,+2h,0.02840719,0,0.004615501
2026-09-22T03:30:00.000000000,+2h,0.015422876,0,0.004615501
2026-09-22T04:00:00.000000000,+2h,0,0,0.003103183
2026-09-22T04:30:00.000000000,+2h,0,0.011948366,0.044322375
2026-09-22T05:00:00.000000000,+2h,0,0.02840719,0.04928593
2026-09-22T05:30:00.000000000,+2h,0,0.015422876,0.015605199
2026-09-22T06:00:00.000000000,+2h,0,0,0.002542361
2026-09-22T06:30:00.000000000,+2h,0,0,0.002525994
2026-09-22T07:00:00.000000000,+2h,0,0,0.00321871
2026-09-22T07:30:00.000000000,+2h,0.00247451,0,0.00321871
2026-09-22T08:00:00.000000000,+2h,0.004170588,0,0.003843313
2026-09-22T08:30:00.000000000,+2h,0.000388889,0,0.003843313
2026-09-22T09:00:00.000000000,+2h,0.000744444,0,0.006542761
2026-09-22T09:30:00.000000000,+2h,0.009130719,0.00247451,0.015346613
2026-09-22T10:00:00.000000000,+2h,0.119986275,0.004170588,0.021982457
2026-09-22T10:30:00.000000000,+2h,0.551362745,0.000388889,0.004430024
2026-09-19T13:30:00.000000000,+3h,0,0,0.000502618
2026-09-19T14:00:00.000000000,+3h,0,0,0.000502618
2026-09-20T01:30:00.000000000,+3h,0,0,0.020167397
2026-09-20T02:00:00.000000000,+3h,0,0,0
2026-09-20T02:30:00.000000000,+3h,0,0,0
2026-09-20T03:00:00.000000000,+3h,0,0,0.001483247
2026-09-20T03:30:00.000000000,+3h,0,0,0.001483247
2026-09-20T04:00:00.000000000,+3h,0,0,0.002094339
2026-09-20T04:30:00.000000000,+3h,0,0,0.002094339
2026-09-20T05:00:00.000000000,+3h,0,0,0.001047831
2026-09-20T05:30:00.000000000,+3h,0,0,0.001047831
2026-09-20T06:00:00.000000000,+3h,0,0,0.001047831
2026-09-20T06:30:00.000000000,+3h,0,0,0.001047831
2026-09-20T07:00:00.000000000,+3h,0,0,0.00374829
2026-09-20T07:30:00.000000000,+3h,0,0,0.00374829
2026-09-20T08:00:00.000000000,+3h,0,0,0.014850904
2026-09-20T08:30:00.000000000,+3h,0,0,0.014850904
2026-09-20T09:00:00.000000000,+3h,0,0,0.012704273
2026-09-20T09:30:00.000000000,+3h,0,0,0.012704273
2026-09-20T10:00:00.000000000,+3h,0,0,0.001316818
2026-09-20T10:30:00.000000000,+3h,0,0,0.001316818
2026-09-20T11:00:00.000000000,+3h,0,0,0.000502618
2026-09-20T11:30:00.000000000,+3h,0,0,0.000502618
2026-09-20T12:00:00.000000000,+3h,0,0,0.000502618
2026-09-20T12:30:00.000000000,+3h,0,0,0.000502618
2026-09-20T13:00:00.000000000,+3h,0,0,0.000502618
2026-09-20T13:30:00.000000000,+3h,0,0,0.000502618
2026-09-20T14:00:00.000000000,+3h,0,0,0.000502618
2026-09-21T01:30:00.000000000,+3h,0,0,0.020167397
2026-09-21T02:00:00.000000000,+3h,0,0,0
2026-09-21T02:30:00.000000000,+3h,0,0,0
2026-09-21T03:00:00.000000000,+3h,0,0,0.001483247
2026-09-21T03:30:00.000000000,+3h,0,0,0.001483247
2026-09-21T04:00:00.000000000,+3h,0,0,0.002094339
2026-09-21T04:30:00.000000000,+3h,0,0,0.002094339
2026-09-21T05:00:00.000000000,+3h,0,0,0.001047831
2026-09-21T05:30:00.000000000,+3h,0,0,0.001047831
2026-09-21T06:00:00.000000000,+3h,0.00310915,0,0.001047831
2026-09-21T06:30:00.000000000,+3h,0.50852549,0,0.001047831
2026-09-21T07:00:00.000000000,+3h,1.601573856,0,0.00374829
2026-09-21T07:30:00.000000000,+3h,2.331465359,0,0.00374829
2026-09-21T08:00:00.000000000,+3h,7.599196078,0,0.014850904
2026-09-21T08:30:00.000000000,+3h,18.22459281,0,0.014850904
2026-09-21T09:00:00.000000000,+3h,15.45419608,0.00310915,0.012346835
2026-09-21T09:30:00.000000000,+3h,1.416357516,0.50852549,0.05507402
2026-09-21T10:00:00.000000000,+3h,1.121327451,1.601573856,0.12322347
2026-09-21T10:30:00.000000000,+3h,3.653020261,2.331465359,0.18481152
2026-09-21T11:00:00.000000000,+3h,5.328313072,7.599196078,0.20036536
2026-09-21T11:30:00.000000000,+3h,3.666924837,18.22459281,0.19355081
2026-09-21T12:00:00.000000000,+3h,1.580060784,15.45419608,0.10704139
2026-09-21T12:30:00.000000000,+3h,0.762652288,1.416357516,0.090624675
2026-09-21T13:00:00.000000000,+3h,0.602452941,1.121327451,0.07707926
2026-09-21T13:30:00.000000000,+3h,0.415311111,3.653020261,0.1768892
2026-09-21T14:00:00.000000000,+3h,0.235464706,5.328313072,0.20156722
2026-09-22T01:30:00.000000000,+3h,0.011948366,0.003760131,0.022685682
2026-09-22T02:00:00.000000000,+3h,0.02840719,0.002304575,0.000826915
2026-09-22T02:30:00.000000000,+3h,0.015422876,0,0.000385491
2026-09-22T03:00:00.000000000,+3h,0,0,0.002658734
2026-09-22T03:30:00.000000000,+3h,0,0,0.002658734
2026-09-22T04:00:00.000000000,+3h,0,0,0.002026202
2026-09-22T04:30:00.000000000,+3h,0,0.011948366,0.002075127
2026-09-22T05:00:00.000000000,+3h,0,0.02840719,0.000468537
2026-09-22T05:30:00.000000000,+3h,0,0.015422876,0
2026-09-22T06:00:00.000000000,+3h,0,0,0
2026-09-22T06:30:00.000000000,+3h,0.00247451,0,0.000682515
2026-09-22T07:00:00.000000000,+3h,0.004170588,0,0.003171736
2026-09-22T07:30:00.000000000,+3h,0.000388889,0,0.003171736
2026-09-22T08:00:00.000000000,+3h,0.000744444,0,0.014850904
2026-09-22T08:30:00.000000000,+3h,0.009130719,0,0.014850904
2026-09-22T09:00:00.000000000,+3h,0.119986275,0,0.012704273
2026-09-22T09:30:00.000000000,+3h,0.551362745,0.00247451,0.012005308
2026-09-22T10:00:00.000000000,+3h,1.209208497,0.004170588,0.001565787
2026-09-22T10:30:00.000000000,+3h,1.33799281,0.000388889,0.002042999
